=== Clustering (shared across all stopcount values) ===
Number of Products in Cluster 0: 33

Number of Products in Cluster 1: 193

Number of Products in Cluster 2: 14

Number of Products in Cluster 3: 141

Number of Products in Cluster 4: 6

Number of Products in Cluster 5: 3

Number of Products in Cluster 6: 62

Number of Products in Cluster 7: 107

Number of Products in Cluster 8: 16

Number of Products in Cluster 9: 209

Number of Products in Cluster 10: 14

Number of Products in Cluster 11: 190

Number of Products in Cluster 12: 1

Number of Products in Cluster 13: 108

Number of Products in Cluster 14: 3

Number of Products in Cluster 15: 4

Number of Products in Cluster 16: 82

Number of Products in Cluster 17: 6

Number of Products in Cluster 18: 1

Number of Products in Cluster 19: 40

Number of Products in Cluster 20: 26

Number of Products in Cluster 21: 13

Number of Products in Cluster 22: 7

Number of Products in Cluster 23: 15

Number of Products in Cluster 24: 11

Number of Products in Cluster 25: 3

Number of Products in Cluster 26: 10

Number of Products in Cluster 27: 6

Number of Products in Cluster 28: 1

Number of Products in Cluster 29: 2

Number of Products in Cluster 30: 1

Number of Products in Cluster 31: 5

Number of Products in Cluster 32: 6

Number of Products in Cluster 33: 5

Number of Products in Cluster 34: 3

Number of Products in Cluster 35: 1

Number of Users in Cluster 0: 12

Number of Users in Cluster 1: 35

Number of Users in Cluster 2: 27

Number of Users in Cluster 3: 8

Number of Users in Cluster 4: 52

Number of Users in Cluster 5: 19

Number of Users in Cluster 6: 9

Number of Users in Cluster 7: 19

Number of Users in Cluster 8: 5

Number of Users in Cluster 9: 9

Number of Users in Cluster 10: 54

Number of Users in Cluster 11: 8

Number of Users in Cluster 12: 22

Number of Users in Cluster 13: 10

Number of Users in Cluster 14: 7

Number of Users in Cluster 15: 27

Number of Users in Cluster 16: 15

Number of Users in Cluster 17: 28

Number of Users in Cluster 18: 17

Number of Users in Cluster 19: 15

Number of Users in Cluster 20: 15

Number of Users in Cluster 21: 16

Number of Users in Cluster 22: 45

Number of Users in Cluster 23: 18

Number of Users in Cluster 24: 8

Number of Users in Cluster 25: 5

Number of Users in Cluster 26: 13

Number of Users in Cluster 27: 13

Number of Users in Cluster 28: 34

Number of Users in Cluster 29: 16

Number of Users in Cluster 30: 4

Number of Users in Cluster 31: 12

Number of Users in Cluster 32: 22

Number of Users in Cluster 33: 4

Number of Users in Cluster 34: 33

Number of Users in Cluster 35: 15

StartState in env.GridPos=  32
StartState in Actual Grid=  23
Reset applied Successfully 
Learnning policy 
StartState in Actual Grid=  23
Episode: 0 Return: 0.0 Steps Taken: 10 Episode#  0 Ends
Episode: 20 Return: 0.0 Steps Taken: 15 Episode#  20 Ends
Episode: 40 Return: 0.0 Steps Taken: 20 Episode#  40 Ends
Episode: 60 Return: 0.0 Steps Taken: 28 Episode#  60 Ends
Episode: 80 Return: 0.0 Steps Taken: 20 Episode#  80 Ends
Percent of episodes finished successfully: 0.0
Percent of episodes finished successfully (last 100 episodes): 0.0
Average number of steps: 18.92
Average number of steps (last 100 episodes): 18.92
Learning policy and Time taken to learn policy =  1.52
StartState in Actual Grid=  23
state in GridPos =  32  Q =  [0. 0. 0. 0.]
states_visited =  [32, 33, 33, 33, 31, 27, 24, 27, 23, 17, 12, 8, 4, 1, 4]
unique states_visited =  {32, 33, 1, 4, 8, 12, 17, 23, 24, 27, 31}  and size  =  11
Applying Actions of Learned policy =  [np.int64(1), np.int64(3), np.int64(3), np.int64(2), np.int64(0), np.int64(0), np.int64(1), np.int64(2), np.int64(0), np.int64(2), np.int64(2), np.int64(0), np.int64(0), np.int64(1), np.int64(2)]  Time taken to extract policy =  1783563223.13
StartState in Actual Grid=  23
Apply policy states_visited =  [32, 33, 33, 33, 31, 27, 24, 27, 23, 17, 12, 8, 4, 1, 4, 2]
Apply policy unique states_visited =  {32, 33, 1, 2, 4, 8, 12, 17, 23, 24, 27, 31}  and size  =  12
Time taken to apply policy =  1.53
StartState in env.GridPos=  4
StartState in Actual Grid=  7
Reset applied Successfully 
Learnning policy 
StartState in Actual Grid=  7
Episode: 0 Return: 0.0 Steps Taken: 19 Episode#  0 Ends
Episode: 20 Return: 0.0 Steps Taken: 17 Episode#  20 Ends
Episode: 40 Return: 0.0 Steps Taken: 19 Episode#  40 Ends
Episode: 60 Return: 0.0 Steps Taken: 13 Episode#  60 Ends
Episode: 80 Return: 0.0 Steps Taken: 14 Episode#  80 Ends
Percent of episodes finished successfully: 0.0
Percent of episodes finished successfully (last 100 episodes): 0.0
Average number of steps: 19.04
Average number of steps (last 100 episodes): 19.04
Learning policy and Time taken to learn policy =  0.99
StartState in Actual Grid=  7
state in GridPos =  4  Q =  [0. 0. 0. 0.]
Applying Actions of Learned policy =  [np.int64(3), np.int64(3), np.int64(2), np.int64(0), np.int64(0), np.int64(1), np.int64(2), np.int64(0), np.int64(2), np.int64(2), np.int64(0), np.int64(0)]  Time taken to extract policy =  1783563224.66
StartState in Actual Grid=  7
Apply policy states_visited =  [4, 7, 13, 7, 5, 5, 7, 4, 1, 0, 0, 0, 0]
Apply policy unique states_visited =  {0, 1, 4, 5, 7, 13}  and size  =  6
Time taken to apply policy =  1.0
StartState in env.GridPos=  1
StartState in Actual Grid=  1
Reset applied Successfully 
Learnning policy 
StartState in Actual Grid=  1
Episode: 0 Return: 0.0 Steps Taken: 19 Episode#  0 Ends
Episode: 20 Return: 0.0 Steps Taken: 17 Episode#  20 Ends
Episode: 40 Return: 0.0 Steps Taken: 19 Episode#  40 Ends
Episode: 60 Return: 0.0 Steps Taken: 13 Episode#  60 Ends
Episode: 80 Return: 0.0 Steps Taken: 14 Episode#  80 Ends
Percent of episodes finished successfully: 0.0
Percent of episodes finished successfully (last 100 episodes): 0.0
Average number of steps: 19.04
Average number of steps (last 100 episodes): 19.04
Learning policy and Time taken to learn policy =  0.95
StartState in Actual Grid=  1
state in GridPos =  1  Q =  [0. 0. 0. 0.]
Applying Actions of Learned policy =  [np.int64(3), np.int64(3), np.int64(2), np.int64(0), np.int64(0), np.int64(1), np.int64(2), np.int64(0), np.int64(2), np.int64(2), np.int64(0), np.int64(0)]  Time taken to extract policy =  1783563225.66
StartState in Actual Grid=  1
Apply policy states_visited =  [1, 5, 6, 5, 5, 5, 7, 4, 1, 0, 0, 0, 0]
Apply policy unique states_visited =  {0, 1, 4, 5, 6, 7}  and size  =  6
Time taken to apply policy =  0.95
 intersectP =  {233}
StartState in env.GridPos=  1
StartState in Actual Grid=  1
Reset applied Successfully 
Learnning policy 
StartState in Actual Grid=  1
Episode: 0 Return: 0.0 Steps Taken: 19 Episode#  0 Ends
Episode: 20 Return: 0.0 Steps Taken: 17 Episode#  20 Ends
Episode: 40 Return: 0.0 Steps Taken: 19 Episode#  40 Ends
Episode: 60 Return: 0.0 Steps Taken: 13 Episode#  60 Ends
Episode: 80 Return: 0.0 Steps Taken: 14 Episode#  80 Ends
Percent of episodes finished successfully: 0.0
Percent of episodes finished successfully (last 100 episodes): 0.0
Average number of steps: 19.04
Average number of steps (last 100 episodes): 19.04
Learning policy and Time taken to learn policy =  1.01
StartState in Actual Grid=  1
state in GridPos =  1  Q =  [0. 0. 0. 0.]
Applying Actions of Learned policy =  [np.int64(3), np.int64(3), np.int64(2), np.int64(0), np.int64(0), np.int64(1), np.int64(2), np.int64(0), np.int64(2), np.int64(2), np.int64(0), np.int64(0)]  Time taken to extract policy =  1783563226.62
StartState in Actual Grid=  1
Apply policy states_visited =  [1, 5, 6, 5, 5, 5, 7, 4, 1, 0, 0, 0, 0]
Apply policy unique states_visited =  {0, 1, 4, 5, 6, 7}  and size  =  6
Time taken to apply policy =  1.01
 intersectP =  {992}
StartState in env.GridPos=  13
StartState in Actual Grid=  9
Reset applied Successfully 
Learnning policy 
StartState in Actual Grid=  9
Episode: 0 Return: 0.0 Steps Taken: 17 Episode#  0 Ends
Episode: 20 Return: 0.0 Steps Taken: 17 Episode#  20 Ends
Episode: 40 Return: 0.0 Steps Taken: 19 Episode#  40 Ends
Episode: 60 Return: 0.0 Steps Taken: 13 Episode#  60 Ends
Episode: 80 Return: 0.0 Steps Taken: 14 Episode#  80 Ends
Percent of episodes finished successfully: 0.0
Percent of episodes finished successfully (last 100 episodes): 0.0
Average number of steps: 19.04
Average number of steps (last 100 episodes): 19.04
Learning policy and Time taken to learn policy =  1.19
StartState in Actual Grid=  9
state in GridPos =  13  Q =  [0. 0. 0. 0.]
Applying Actions of Learned policy =  [np.int64(3), np.int64(3), np.int64(2), np.int64(0), np.int64(0), np.int64(1), np.int64(2), np.int64(0), np.int64(2), np.int64(2), np.int64(0), np.int64(0), np.int64(1)]  Time taken to extract policy =  1783563227.64
StartState in Actual Grid=  9
Apply policy states_visited =  [13, 16, 25, 16, 14, 14, 16, 13, 6, 5, 1, 1, 1, 4]
Apply policy unique states_visited =  {1, 4, 5, 6, 13, 14, 16, 25}  and size  =  8
Time taken to apply policy =  1.19
StartState in env.GridPos=  8
StartState in Actual Grid=  13
Reset applied Successfully 
Learnning policy 
StartState in Actual Grid=  13
Episode: 0 Return: 0.0 Steps Taken: 17 Episode#  0 Ends
Episode: 20 Return: 0.0 Steps Taken: 17 Episode#  20 Ends
Episode: 40 Return: 0.0 Steps Taken: 19 Episode#  40 Ends
Episode: 60 Return: 0.0 Steps Taken: 13 Episode#  60 Ends
Episode: 80 Return: 0.0 Steps Taken: 14 Episode#  80 Ends
Percent of episodes finished successfully: 0.0
Percent of episodes finished successfully (last 100 episodes): 0.0
Average number of steps: 19.04
Average number of steps (last 100 episodes): 19.04
Learning policy and Time taken to learn policy =  1.15
StartState in Actual Grid=  13
state in GridPos =  8  Q =  [0. 0. 0. 0.]
Applying Actions of Learned policy =  [np.int64(3), np.int64(3), np.int64(2), np.int64(0), np.int64(0), np.int64(1), np.int64(2), np.int64(0), np.int64(2), np.int64(2), np.int64(0), np.int64(0), np.int64(1)]  Time taken to extract policy =  1783563228.83
StartState in Actual Grid=  13
Apply policy states_visited =  [8, 12, 17, 12, 7, 5, 7, 4, 1, 0, 0, 0, 0, 2]
Apply policy unique states_visited =  {0, 1, 2, 4, 5, 7, 8, 12, 17}  and size  =  9
Time taken to apply policy =  1.16
StartState in env.GridPos=  2
StartState in Actual Grid=  6
Reset applied Successfully 
Learnning policy 
StartState in Actual Grid=  6
Episode: 0 Return: 0.0 Steps Taken: 15 Episode#  0 Ends
Episode: 20 Return: 0.0 Steps Taken: 17 Episode#  20 Ends
Episode: 40 Return: 0.0 Steps Taken: 19 Episode#  40 Ends
Episode: 60 Return: 0.0 Steps Taken: 13 Episode#  60 Ends
Episode: 80 Return: 0.0 Steps Taken: 14 Episode#  80 Ends
Percent of episodes finished successfully: 0.0
Percent of episodes finished successfully (last 100 episodes): 0.0
Average number of steps: 19.04
Average number of steps (last 100 episodes): 19.04
Learning policy and Time taken to learn policy =  1.32
StartState in Actual Grid=  6
state in GridPos =  2  Q =  [0. 0. 0. 0.]
Applying Actions of Learned policy =  [np.int64(3), np.int64(3), np.int64(2), np.int64(0), np.int64(0), np.int64(1), np.int64(2), np.int64(0), np.int64(2), np.int64(2), np.int64(0)]  Time taken to extract policy =  1783563229.99
StartState in Actual Grid=  6
Apply policy states_visited =  [2, 4, 7, 4, 1, 1, 4, 2, 0, 0, 0, 0]
Apply policy unique states_visited =  {0, 1, 2, 4, 7}  and size  =  5
Time taken to apply policy =  1.32
StartState in env.GridPos=  24
StartState in Actual Grid=  16
Reset applied Successfully 
Learnning policy 
StartState in Actual Grid=  16
Episode: 0 Return: 0.0 Steps Taken: 17 Episode#  0 Ends
Episode: 20 Return: 0.0 Steps Taken: 15 Episode#  20 Ends
Episode: 40 Return: 0.0 Steps Taken: 20 Episode#  40 Ends
Episode: 60 Return: 0.0 Steps Taken: 28 Episode#  60 Ends
Episode: 80 Return: 0.0 Steps Taken: 20 Episode#  80 Ends
Percent of episodes finished successfully: 0.0
Percent of episodes finished successfully (last 100 episodes): 0.0
Average number of steps: 18.92
Average number of steps (last 100 episodes): 18.92
Learning policy and Time taken to learn policy =  1.65
StartState in Actual Grid=  16
state in GridPos =  24  Q =  [0. 0. 0. 0.]
states_visited =  [24, 27, 32, 32, 27, 24, 16, 24, 17, 13, 7, 4, 1, 1, 4]
unique states_visited =  {32, 1, 4, 7, 13, 16, 17, 24, 27}  and size  =  9
Applying Actions of Learned policy =  [np.int64(1), np.int64(3), np.int64(3), np.int64(2), np.int64(0), np.int64(0), np.int64(1), np.int64(2), np.int64(0), np.int64(2), np.int64(2), np.int64(0), np.int64(0), np.int64(1), np.int64(2)]  Time taken to extract policy =  1783563231.32
StartState in Actual Grid=  16
Apply policy states_visited =  [24, 27, 32, 32, 27, 24, 16, 24, 17, 13, 7, 4, 1, 1, 4, 2]
Apply policy unique states_visited =  {32, 1, 2, 4, 7, 13, 16, 17, 24, 27}  and size  =  10
Time taken to apply policy =  1.65
StartState in env.GridPos=  13
StartState in Actual Grid=  9
Reset applied Successfully 
Learnning policy 
StartState in Actual Grid=  9
Episode: 0 Return: 0.0 Steps Taken: 17 Episode#  0 Ends
Episode: 20 Return: 0.0 Steps Taken: 17 Episode#  20 Ends
Episode: 40 Return: 0.0 Steps Taken: 19 Episode#  40 Ends
Episode: 60 Return: 0.0 Steps Taken: 13 Episode#  60 Ends
Episode: 80 Return: 0.0 Steps Taken: 14 Episode#  80 Ends
Percent of episodes finished successfully: 0.0
Percent of episodes finished successfully (last 100 episodes): 0.0
Average number of steps: 19.04
Average number of steps (last 100 episodes): 19.04
Learning policy and Time taken to learn policy =  1.61
StartState in Actual Grid=  9
state in GridPos =  13  Q =  [0. 0. 0. 0.]
Applying Actions of Learned policy =  [np.int64(3), np.int64(3), np.int64(2), np.int64(0), np.int64(0), np.int64(1), np.int64(2), np.int64(0), np.int64(2), np.int64(2), np.int64(0), np.int64(0), np.int64(1)]  Time taken to extract policy =  1783563232.98
StartState in Actual Grid=  9
Apply policy states_visited =  [13, 16, 25, 16, 14, 14, 16, 13, 6, 5, 1, 1, 1, 4]
Apply policy unique states_visited =  {1, 4, 5, 6, 13, 14, 16, 25}  and size  =  8
Time taken to apply policy =  1.61
StartState in env.GridPos=  4
StartState in Actual Grid=  7
Reset applied Successfully 
Learnning policy 
StartState in Actual Grid=  7
Episode: 0 Return: 0.0 Steps Taken: 19 Episode#  0 Ends
Episode: 20 Return: 0.0 Steps Taken: 17 Episode#  20 Ends
Episode: 40 Return: 0.0 Steps Taken: 19 Episode#  40 Ends
Episode: 60 Return: 0.0 Steps Taken: 13 Episode#  60 Ends
Episode: 80 Return: 0.0 Steps Taken: 14 Episode#  80 Ends
Percent of episodes finished successfully: 0.0
Percent of episodes finished successfully (last 100 episodes): 0.0
Average number of steps: 19.04
Average number of steps (last 100 episodes): 19.04
Learning policy and Time taken to learn policy =  1.49
StartState in Actual Grid=  7
state in GridPos =  4  Q =  [0. 0. 0. 0.]
Applying Actions of Learned policy =  [np.int64(3), np.int64(3), np.int64(2), np.int64(0), np.int64(0), np.int64(1), np.int64(2), np.int64(0), np.int64(2), np.int64(2), np.int64(0), np.int64(0)]  Time taken to extract policy =  1783563234.6
StartState in Actual Grid=  7
Apply policy states_visited =  [4, 7, 13, 7, 5, 5, 7, 4, 1, 0, 0, 0, 0]
Apply policy unique states_visited =  {0, 1, 4, 5, 7, 13}  and size  =  6
Time taken to apply policy =  1.49
StartState in env.GridPos=  24
StartState in Actual Grid=  16
Reset applied Successfully 
Learnning policy 
StartState in Actual Grid=  16
Episode: 0 Return: 0.0 Steps Taken: 17 Episode#  0 Ends
Episode: 20 Return: 0.0 Steps Taken: 15 Episode#  20 Ends
Episode: 40 Return: 0.0 Steps Taken: 20 Episode#  40 Ends
Episode: 60 Return: 0.0 Steps Taken: 28 Episode#  60 Ends
Episode: 80 Return: 0.0 Steps Taken: 20 Episode#  80 Ends
Percent of episodes finished successfully: 0.0
Percent of episodes finished successfully (last 100 episodes): 0.0
Average number of steps: 18.92
Average number of steps (last 100 episodes): 18.92
Learning policy and Time taken to learn policy =  1.78
StartState in Actual Grid=  16
state in GridPos =  24  Q =  [0. 0. 0. 0.]
states_visited =  [24, 27, 32, 32, 27, 24, 16, 24, 17, 13, 7, 4, 1, 1, 4]
unique states_visited =  {32, 1, 4, 7, 13, 16, 17, 24, 27}  and size  =  9
Applying Actions of Learned policy =  [np.int64(1), np.int64(3), np.int64(3), np.int64(2), np.int64(0), np.int64(0), np.int64(1), np.int64(2), np.int64(0), np.int64(2), np.int64(2), np.int64(0), np.int64(0), np.int64(1), np.int64(2)]  Time taken to extract policy =  1783563236.1
StartState in Actual Grid=  16
Apply policy states_visited =  [24, 27, 32, 32, 27, 24, 16, 24, 17, 13, 7, 4, 1, 1, 4, 2]
Apply policy unique states_visited =  {32, 1, 2, 4, 7, 13, 16, 17, 24, 27}  and size  =  10
Time taken to apply policy =  1.79
StartState in env.GridPos=  13
StartState in Actual Grid=  9
Reset applied Successfully 
Learnning policy 
StartState in Actual Grid=  9
Episode: 0 Return: 0.0 Steps Taken: 17 Episode#  0 Ends
Episode: 20 Return: 0.0 Steps Taken: 17 Episode#  20 Ends
Episode: 40 Return: 0.0 Steps Taken: 19 Episode#  40 Ends
Episode: 60 Return: 0.0 Steps Taken: 13 Episode#  60 Ends
Episode: 80 Return: 0.0 Steps Taken: 14 Episode#  80 Ends
Percent of episodes finished successfully: 0.0
Percent of episodes finished successfully (last 100 episodes): 0.0
Average number of steps: 19.04
Average number of steps (last 100 episodes): 19.04
Learning policy and Time taken to learn policy =  1.38
StartState in Actual Grid=  9
state in GridPos =  13  Q =  [0. 0. 0. 0.]
Applying Actions of Learned policy =  [np.int64(3), np.int64(3), np.int64(2), np.int64(0), np.int64(0), np.int64(1), np.int64(2), np.int64(0), np.int64(2), np.int64(2), np.int64(0), np.int64(0), np.int64(1)]  Time taken to extract policy =  1783563237.89
StartState in Actual Grid=  9
Apply policy states_visited =  [13, 16, 25, 16, 14, 14, 16, 13, 6, 5, 1, 1, 1, 4]
Apply policy unique states_visited =  {1, 4, 5, 6, 13, 14, 16, 25}  and size  =  8
Time taken to apply policy =  1.39
StartState in env.GridPos=  1
StartState in Actual Grid=  1
Reset applied Successfully 
Learnning policy 
StartState in Actual Grid=  1
Episode: 0 Return: 0.0 Steps Taken: 19 Episode#  0 Ends
Episode: 20 Return: 0.0 Steps Taken: 17 Episode#  20 Ends
Episode: 40 Return: 0.0 Steps Taken: 19 Episode#  40 Ends
Episode: 60 Return: 0.0 Steps Taken: 13 Episode#  60 Ends
Episode: 80 Return: 0.0 Steps Taken: 14 Episode#  80 Ends
Percent of episodes finished successfully: 0.0
Percent of episodes finished successfully (last 100 episodes): 0.0
Average number of steps: 19.04
Average number of steps (last 100 episodes): 19.04
Learning policy and Time taken to learn policy =  1.35
StartState in Actual Grid=  1
state in GridPos =  1  Q =  [0. 0. 0. 0.]
Applying Actions of Learned policy =  [np.int64(3), np.int64(3), np.int64(2), np.int64(0), np.int64(0), np.int64(1), np.int64(2), np.int64(0), np.int64(2), np.int64(2), np.int64(0), np.int64(0)]  Time taken to extract policy =  1783563239.28
StartState in Actual Grid=  1
Apply policy states_visited =  [1, 5, 6, 5, 5, 5, 7, 4, 1, 0, 0, 0, 0]
Apply policy unique states_visited =  {0, 1, 4, 5, 6, 7}  and size  =  6
Time taken to apply policy =  1.35
 intersectP =  {136, 283}
StartState in env.GridPos=  25
StartState in Actual Grid=  11
Reset applied Successfully 
Learnning policy 
StartState in Actual Grid=  11
Episode: 0 Return: 0.0 Steps Taken: 16 Episode#  0 Ends
Episode: 20 Return: 0.0 Steps Taken: 15 Episode#  20 Ends
Episode: 40 Return: 0.0 Steps Taken: 20 Episode#  40 Ends
Episode: 60 Return: 0.0 Steps Taken: 28 Episode#  60 Ends
Episode: 80 Return: 0.0 Steps Taken: 20 Episode#  80 Ends
Percent of episodes finished successfully: 0.0
Percent of episodes finished successfully (last 100 episodes): 0.0
Average number of steps: 18.92
Average number of steps (last 100 episodes): 18.92
Learning policy and Time taken to learn policy =  1.42
StartState in Actual Grid=  11
state in GridPos =  25  Q =  [0. 0. 0. 0.]
Applying Actions of Learned policy =  [np.int64(1), np.int64(3), np.int64(3), np.int64(2), np.int64(0), np.int64(0), np.int64(1), np.int64(2), np.int64(0), np.int64(2), np.int64(2), np.int64(0), np.int64(0), np.int64(1)]  Time taken to extract policy =  1783563240.64
StartState in Actual Grid=  11
Apply policy states_visited =  [25, 26, 26, 26, 24, 16, 14, 16, 13, 6, 5, 1, 1, 1, 4]
Apply policy unique states_visited =  {1, 4, 5, 6, 13, 14, 16, 24, 25, 26}  and size  =  10
Time taken to apply policy =  1.43
StartState in env.GridPos=  6
StartState in Actual Grid=  3
Reset applied Successfully 
Learnning policy 
StartState in Actual Grid=  3
Episode: 0 Return: 0.0 Steps Taken: 17 Episode#  0 Ends
Episode: 20 Return: 0.0 Steps Taken: 17 Episode#  20 Ends
Episode: 40 Return: 0.0 Steps Taken: 19 Episode#  40 Ends
Episode: 60 Return: 0.0 Steps Taken: 13 Episode#  60 Ends
Episode: 80 Return: 0.0 Steps Taken: 14 Episode#  80 Ends
Percent of episodes finished successfully: 0.0
Percent of episodes finished successfully (last 100 episodes): 0.0
Average number of steps: 19.04
Average number of steps (last 100 episodes): 19.04
Learning policy and Time taken to learn policy =  1.7
StartState in Actual Grid=  3
state in GridPos =  6  Q =  [0. 0. 0. 0.]
Applying Actions of Learned policy =  [np.int64(3), np.int64(3), np.int64(2), np.int64(0), np.int64(0), np.int64(1), np.int64(2), np.int64(0), np.int64(2), np.int64(2), np.int64(0), np.int64(0), np.int64(1)]  Time taken to extract policy =  1783563242.07
StartState in Actual Grid=  3
Apply policy states_visited =  [6, 14, 15, 14, 14, 14, 16, 13, 6, 5, 1, 1, 1, 4]
Apply policy unique states_visited =  {1, 4, 5, 6, 13, 14, 15, 16}  and size  =  8
Time taken to apply policy =  1.71
StartState in env.GridPos=  26
StartState in Actual Grid=  17
Reset applied Successfully 
Learnning policy 
StartState in Actual Grid=  17
Episode: 0 Return: 0.0 Steps Taken: 14 Episode#  0 Ends
Episode: 20 Return: 0.0 Steps Taken: 15 Episode#  20 Ends
Episode: 40 Return: 0.0 Steps Taken: 20 Episode#  40 Ends
Episode: 60 Return: 0.0 Steps Taken: 28 Episode#  60 Ends
Episode: 80 Return: 0.0 Steps Taken: 20 Episode#  80 Ends
Percent of episodes finished successfully: 0.0
Percent of episodes finished successfully (last 100 episodes): 0.0
Average number of steps: 18.92
Average number of steps (last 100 episodes): 18.92
Learning policy and Time taken to learn policy =  2.29
StartState in Actual Grid=  17
state in GridPos =  26  Q =  [0. 0. 0. 0.]
states_visited =  [26, 32, 32, 32, 27, 24, 16, 24, 17, 13, 7, 4, 1, 1, 4]
unique states_visited =  {32, 1, 4, 7, 13, 16, 17, 24, 26, 27}  and size  =  10
Applying Actions of Learned policy =  [np.int64(1), np.int64(3), np.int64(3), np.int64(2), np.int64(0), np.int64(0), np.int64(1), np.int64(2), np.int64(0), np.int64(2), np.int64(2), np.int64(0), np.int64(0), np.int64(1), np.int64(2)]  Time taken to extract policy =  1783563243.81
StartState in Actual Grid=  17
Apply policy states_visited =  [26, 32, 32, 32, 27, 24, 16, 24, 17, 13, 7, 4, 1, 1, 4, 2]
Apply policy unique states_visited =  {32, 1, 2, 4, 7, 13, 16, 17, 24, 26, 27}  and size  =  11
Time taken to apply policy =  2.3
 intersectP =  {768, 3394, 100, 359, 553, 1069, 498, 403, 565, 636}
StartState in env.GridPos=  10
StartState in Actual Grid=  24
Reset applied Successfully 
Learnning policy 
StartState in Actual Grid=  24
Episode: 0 Return: 0.0 Steps Taken: 17 Episode#  0 Ends
Episode: 20 Return: 0.0 Steps Taken: 17 Episode#  20 Ends
Episode: 40 Return: 0.0 Steps Taken: 19 Episode#  40 Ends
Episode: 60 Return: 0.0 Steps Taken: 13 Episode#  60 Ends
Episode: 80 Return: 0.0 Steps Taken: 14 Episode#  80 Ends
Percent of episodes finished successfully: 0.0
Percent of episodes finished successfully (last 100 episodes): 0.0
Average number of steps: 19.04
Average number of steps (last 100 episodes): 19.04
Learning policy and Time taken to learn policy =  2.24
StartState in Actual Grid=  24
state in GridPos =  10  Q =  [0. 0. 0. 0.]
Applying Actions of Learned policy =  [np.int64(3), np.int64(3), np.int64(2), np.int64(0), np.int64(0), np.int64(1), np.int64(2), np.int64(0), np.int64(2), np.int64(2), np.int64(0), np.int64(0), np.int64(1), np.int64(2)]  Time taken to extract policy =  1783563246.14
StartState in Actual Grid=  24
Apply policy states_visited =  [10, 19, 22, 19, 11, 8, 11, 9, 3, 3, 3, 2, 0, 2, 2]
Apply policy unique states_visited =  {0, 2, 3, 8, 9, 10, 11, 19, 22}  and size  =  9
Time taken to apply policy =  2.24
 intersectP =  {3269, 551, 1544, 1513, 4846, 432, 3219, 2228, 86, 3290, 479}
StartState in env.GridPos=  10
StartState in Actual Grid=  24
Reset applied Successfully 
Learnning policy 
StartState in Actual Grid=  24
Episode: 0 Return: 0.0 Steps Taken: 17 Episode#  0 Ends
Episode: 20 Return: 0.0 Steps Taken: 17 Episode#  20 Ends
Episode: 40 Return: 0.0 Steps Taken: 19 Episode#  40 Ends
Episode: 60 Return: 0.0 Steps Taken: 13 Episode#  60 Ends
Episode: 80 Return: 0.0 Steps Taken: 14 Episode#  80 Ends
Percent of episodes finished successfully: 0.0
Percent of episodes finished successfully (last 100 episodes): 0.0
Average number of steps: 19.04
Average number of steps (last 100 episodes): 19.04
Learning policy and Time taken to learn policy =  2.04
StartState in Actual Grid=  24
state in GridPos =  10  Q =  [0. 0. 0. 0.]
Applying Actions of Learned policy =  [np.int64(3), np.int64(3), np.int64(2), np.int64(0), np.int64(0), np.int64(1), np.int64(2), np.int64(0), np.int64(2), np.int64(2), np.int64(0), np.int64(0), np.int64(1), np.int64(2)]  Time taken to extract policy =  1783563248.4
StartState in Actual Grid=  24
Apply policy states_visited =  [10, 19, 22, 19, 11, 8, 11, 9, 3, 3, 3, 2, 0, 2, 2]
Apply policy unique states_visited =  {0, 2, 3, 8, 9, 10, 11, 19, 22}  and size  =  9
Time taken to apply policy =  2.05
 intersectP =  {3107, 807, 3017, 142, 4239, 817, 725, 3064}
StartState in env.GridPos=  10
StartState in Actual Grid=  24
Reset applied Successfully 
Learnning policy 
StartState in Actual Grid=  24
Episode: 0 Return: 0.0 Steps Taken: 17 Episode#  0 Ends
Episode: 20 Return: 0.0 Steps Taken: 17 Episode#  20 Ends
Episode: 40 Return: 0.0 Steps Taken: 19 Episode#  40 Ends
Episode: 60 Return: 0.0 Steps Taken: 13 Episode#  60 Ends
Episode: 80 Return: 0.0 Steps Taken: 14 Episode#  80 Ends
Percent of episodes finished successfully: 0.0
Percent of episodes finished successfully (last 100 episodes): 0.0
Average number of steps: 19.04
Average number of steps (last 100 episodes): 19.04
Learning policy and Time taken to learn policy =  2.23
StartState in Actual Grid=  24
state in GridPos =  10  Q =  [0. 0. 0. 0.]
Applying Actions of Learned policy =  [np.int64(3), np.int64(3), np.int64(2), np.int64(0), np.int64(0), np.int64(1), np.int64(2), np.int64(0), np.int64(2), np.int64(2), np.int64(0), np.int64(0), np.int64(1), np.int64(2)]  Time taken to extract policy =  1783563250.47
StartState in Actual Grid=  24
Apply policy states_visited =  [10, 19, 22, 19, 11, 8, 11, 9, 3, 3, 3, 2, 0, 2, 2]
Apply policy unique states_visited =  {0, 2, 3, 8, 9, 10, 11, 19, 22}  and size  =  9
Time taken to apply policy =  2.24
 intersectP =  {387, 581, 2059, 2507, 3151, 7028, 4502, 1467, 1436, 1151}
StartState in env.GridPos=  16
StartState in Actual Grid=  10
Reset applied Successfully 
Learnning policy 
StartState in Actual Grid=  10
Episode: 0 Return: 0.0 Steps Taken: 25 Episode#  0 Ends
Episode: 20 Return: 0.0 Steps Taken: 17 Episode#  20 Ends
Episode: 40 Return: 0.0 Steps Taken: 19 Episode#  40 Ends
Episode: 60 Return: 0.0 Steps Taken: 13 Episode#  60 Ends
Episode: 80 Return: 0.0 Steps Taken: 14 Episode#  80 Ends
Percent of episodes finished successfully: 0.0
Percent of episodes finished successfully (last 100 episodes): 0.0
Average number of steps: 19.04
Average number of steps (last 100 episodes): 19.04
Learning policy and Time taken to learn policy =  1.86
StartState in Actual Grid=  10
state in GridPos =  16  Q =  [0. 0. 0. 0.]
Applying Actions of Learned policy =  [np.int64(3), np.int64(3), np.int64(2), np.int64(0), np.int64(0), np.int64(1), np.int64(2), np.int64(0), np.int64(2), np.int64(2), np.int64(0), np.int64(0), np.int64(1)]  Time taken to extract policy =  1783563252.72
StartState in Actual Grid=  10
Apply policy states_visited =  [16, 25, 25, 16, 14, 14, 16, 13, 6, 5, 1, 1, 1, 4]
Apply policy unique states_visited =  {1, 4, 5, 6, 13, 14, 16, 25}  and size  =  8
Time taken to apply policy =  1.87
 intersectP =  {2209, 162, 481, 198, 1865, 106, 299, 1868, 1837, 490, 1551, 1329, 497, 180, 123, 93, 127}
StartState in env.GridPos=  10
StartState in Actual Grid=  24
Reset applied Successfully 
Learnning policy 
StartState in Actual Grid=  24
Episode: 0 Return: 0.0 Steps Taken: 17 Episode#  0 Ends
Episode: 20 Return: 0.0 Steps Taken: 17 Episode#  20 Ends
Episode: 40 Return: 0.0 Steps Taken: 19 Episode#  40 Ends
Episode: 60 Return: 0.0 Steps Taken: 13 Episode#  60 Ends
Episode: 80 Return: 0.0 Steps Taken: 14 Episode#  80 Ends
Percent of episodes finished successfully: 0.0
Percent of episodes finished successfully (last 100 episodes): 0.0
Average number of steps: 19.04
Average number of steps (last 100 episodes): 19.04
Learning policy and Time taken to learn policy =  1.85
StartState in Actual Grid=  24
state in GridPos =  10  Q =  [0. 0. 0. 0.]
Applying Actions of Learned policy =  [np.int64(3), np.int64(3), np.int64(2), np.int64(0), np.int64(0), np.int64(1), np.int64(2), np.int64(0), np.int64(2), np.int64(2), np.int64(0), np.int64(0), np.int64(1), np.int64(2)]  Time taken to extract policy =  1783563254.6
StartState in Actual Grid=  24
Apply policy states_visited =  [10, 19, 22, 19, 11, 8, 11, 9, 3, 3, 3, 2, 0, 2, 2]
Apply policy unique states_visited =  {0, 2, 3, 8, 9, 10, 11, 19, 22}  and size  =  9
Time taken to apply policy =  1.86
 intersectP =  {640, 934, 1254, 2955, 887, 1015, 2743, 286}
StartState in env.GridPos=  10
StartState in Actual Grid=  24
Reset applied Successfully 
Learnning policy 
StartState in Actual Grid=  24
Episode: 0 Return: 0.0 Steps Taken: 17 Episode#  0 Ends
Episode: 20 Return: 0.0 Steps Taken: 17 Episode#  20 Ends
Episode: 40 Return: 0.0 Steps Taken: 19 Episode#  40 Ends
Episode: 60 Return: 0.0 Steps Taken: 13 Episode#  60 Ends
Episode: 80 Return: 0.0 Steps Taken: 14 Episode#  80 Ends
Percent of episodes finished successfully: 0.0
Percent of episodes finished successfully (last 100 episodes): 0.0
Average number of steps: 19.04
Average number of steps (last 100 episodes): 19.04
Learning policy and Time taken to learn policy =  1.59
StartState in Actual Grid=  24
state in GridPos =  10  Q =  [0. 0. 0. 0.]
Applying Actions of Learned policy =  [np.int64(3), np.int64(3), np.int64(2), np.int64(0), np.int64(0), np.int64(1), np.int64(2), np.int64(0), np.int64(2), np.int64(2), np.int64(0), np.int64(0), np.int64(1), np.int64(2)]  Time taken to extract policy =  1783563256.48
StartState in Actual Grid=  24
Apply policy states_visited =  [10, 19, 22, 19, 11, 8, 11, 9, 3, 3, 3, 2, 0, 2, 2]
Apply policy unique states_visited =  {0, 2, 3, 8, 9, 10, 11, 19, 22}  and size  =  9
Time taken to apply policy =  1.59
 intersectP =  {1601, 1922, 1436, 1758}
StartState in env.GridPos=  10
StartState in Actual Grid=  24
Reset applied Successfully 
Learnning policy 
StartState in Actual Grid=  24
Episode: 0 Return: 0.0 Steps Taken: 17 Episode#  0 Ends
Episode: 20 Return: 0.0 Steps Taken: 17 Episode#  20 Ends
Episode: 40 Return: 0.0 Steps Taken: 19 Episode#  40 Ends
Episode: 60 Return: 0.0 Steps Taken: 13 Episode#  60 Ends
Episode: 80 Return: 0.0 Steps Taken: 14 Episode#  80 Ends
Percent of episodes finished successfully: 0.0
Percent of episodes finished successfully (last 100 episodes): 0.0
Average number of steps: 19.04
Average number of steps (last 100 episodes): 19.04
Learning policy and Time taken to learn policy =  1.56
StartState in Actual Grid=  24
state in GridPos =  10  Q =  [0. 0. 0. 0.]
Applying Actions of Learned policy =  [np.int64(3), np.int64(3), np.int64(2), np.int64(0), np.int64(0), np.int64(1), np.int64(2), np.int64(0), np.int64(2), np.int64(2), np.int64(0), np.int64(0), np.int64(1), np.int64(2)]  Time taken to extract policy =  1783563258.08
StartState in Actual Grid=  24
Apply policy states_visited =  [10, 19, 22, 19, 11, 8, 11, 9, 3, 3, 3, 2, 0, 2, 2]
Apply policy unique states_visited =  {0, 2, 3, 8, 9, 10, 11, 19, 22}  and size  =  9
Time taken to apply policy =  1.57
 intersectP =  {673, 2530, 425, 42, 651, 652, 46, 657, 658, 3124, 3381, 6868, 4950}
StartState in env.GridPos=  10
StartState in Actual Grid=  24
Reset applied Successfully 
Learnning policy 
StartState in Actual Grid=  24
Episode: 0 Return: 0.0 Steps Taken: 17 Episode#  0 Ends
Episode: 20 Return: 0.0 Steps Taken: 17 Episode#  20 Ends
Episode: 40 Return: 0.0 Steps Taken: 19 Episode#  40 Ends
Episode: 60 Return: 0.0 Steps Taken: 13 Episode#  60 Ends
Episode: 80 Return: 0.0 Steps Taken: 14 Episode#  80 Ends
Percent of episodes finished successfully: 0.0
Percent of episodes finished successfully (last 100 episodes): 0.0
Average number of steps: 19.04
Average number of steps (last 100 episodes): 19.04
Learning policy and Time taken to learn policy =  1.9
StartState in Actual Grid=  24
state in GridPos =  10  Q =  [0. 0. 0. 0.]
Applying Actions of Learned policy =  [np.int64(3), np.int64(3), np.int64(2), np.int64(0), np.int64(0), np.int64(1), np.int64(2), np.int64(0), np.int64(2), np.int64(2), np.int64(0), np.int64(0), np.int64(1), np.int64(2)]  Time taken to extract policy =  1783563259.66
StartState in Actual Grid=  24
Apply policy states_visited =  [10, 19, 22, 19, 11, 8, 11, 9, 3, 3, 3, 2, 0, 2, 2]
Apply policy unique states_visited =  {0, 2, 3, 8, 9, 10, 11, 19, 22}  and size  =  9
Time taken to apply policy =  1.91
 intersectP =  {395}
StartState in env.GridPos=  10
StartState in Actual Grid=  24
Reset applied Successfully 
Learnning policy 
StartState in Actual Grid=  24
Episode: 0 Return: 0.0 Steps Taken: 17 Episode#  0 Ends
Episode: 20 Return: 0.0 Steps Taken: 17 Episode#  20 Ends
Episode: 40 Return: 0.0 Steps Taken: 19 Episode#  40 Ends
Episode: 60 Return: 0.0 Steps Taken: 13 Episode#  60 Ends
Episode: 80 Return: 0.0 Steps Taken: 14 Episode#  80 Ends
Percent of episodes finished successfully: 0.0
Percent of episodes finished successfully (last 100 episodes): 0.0
Average number of steps: 19.04
Average number of steps (last 100 episodes): 19.04
Learning policy and Time taken to learn policy =  1.71
StartState in Actual Grid=  24
state in GridPos =  10  Q =  [0. 0. 0. 0.]
Applying Actions of Learned policy =  [np.int64(3), np.int64(3), np.int64(2), np.int64(0), np.int64(0), np.int64(1), np.int64(2), np.int64(0), np.int64(2), np.int64(2), np.int64(0), np.int64(0), np.int64(1), np.int64(2)]  Time taken to extract policy =  1783563261.58
StartState in Actual Grid=  24
Apply policy states_visited =  [10, 19, 22, 19, 11, 8, 11, 9, 3, 3, 3, 2, 0, 2, 2]
Apply policy unique states_visited =  {0, 2, 3, 8, 9, 10, 11, 19, 22}  and size  =  9
Time taken to apply policy =  1.72
StartState in env.GridPos=  21
StartState in Actual Grid=  31
Reset applied Successfully 
Learnning policy 
StartState in Actual Grid=  31
Episode: 0 Return: 0.0 Steps Taken: 18 Episode#  0 Ends
Episode: 20 Return: 0.0 Steps Taken: 15 Episode#  20 Ends
Episode: 40 Return: 0.0 Steps Taken: 20 Episode#  40 Ends
Episode: 60 Return: 0.0 Steps Taken: 28 Episode#  60 Ends
Episode: 80 Return: 0.0 Steps Taken: 20 Episode#  80 Ends
Percent of episodes finished successfully: 0.0
Percent of episodes finished successfully (last 100 episodes): 0.0
Average number of steps: 18.92
Average number of steps (last 100 episodes): 18.92
Learning policy and Time taken to learn policy =  1.79
StartState in Actual Grid=  31
state in GridPos =  21  Q =  [0. 0. 0. 0.]
states_visited =  [21, 21, 29, 30, 29, 22, 18, 22, 19, 11, 9, 9, 3, 2, 3]
unique states_visited =  {2, 3, 9, 11, 18, 19, 21, 22, 29, 30}  and size  =  10
Applying Actions of Learned policy =  [np.int64(1), np.int64(3), np.int64(3), np.int64(2), np.int64(0), np.int64(0), np.int64(1), np.int64(2), np.int64(0), np.int64(2), np.int64(2), np.int64(0), np.int64(0), np.int64(1), np.int64(2)]  Time taken to extract policy =  1783563263.31
StartState in Actual Grid=  31
Apply policy states_visited =  [21, 21, 29, 30, 29, 22, 18, 22, 19, 11, 9, 9, 3, 2, 3, 3]
Apply policy unique states_visited =  {2, 3, 9, 11, 18, 19, 21, 22, 29, 30}  and size  =  10
Time taken to apply policy =  1.8
 intersectP =  {2312, 6505, 6504}
StartState in env.GridPos=  10
StartState in Actual Grid=  24
Reset applied Successfully 
Learnning policy 
StartState in Actual Grid=  24
Episode: 0 Return: 0.0 Steps Taken: 17 Episode#  0 Ends
Episode: 20 Return: 0.0 Steps Taken: 17 Episode#  20 Ends
Episode: 40 Return: 0.0 Steps Taken: 19 Episode#  40 Ends
Episode: 60 Return: 0.0 Steps Taken: 13 Episode#  60 Ends
Episode: 80 Return: 0.0 Steps Taken: 14 Episode#  80 Ends
Percent of episodes finished successfully: 0.0
Percent of episodes finished successfully (last 100 episodes): 0.0
Average number of steps: 19.04
Average number of steps (last 100 episodes): 19.04
Learning policy and Time taken to learn policy =  1.67
StartState in Actual Grid=  24
state in GridPos =  10  Q =  [0. 0. 0. 0.]
Applying Actions of Learned policy =  [np.int64(3), np.int64(3), np.int64(2), np.int64(0), np.int64(0), np.int64(1), np.int64(2), np.int64(0), np.int64(2), np.int64(2), np.int64(0), np.int64(0), np.int64(1), np.int64(2)]  Time taken to extract policy =  1783563265.12
StartState in Actual Grid=  24
Apply policy states_visited =  [10, 19, 22, 19, 11, 8, 11, 9, 3, 3, 3, 2, 0, 2, 2]
Apply policy unique states_visited =  {0, 2, 3, 8, 9, 10, 11, 19, 22}  and size  =  9
Time taken to apply policy =  1.68
 intersectP =  {201}
StartState in env.GridPos=  10
StartState in Actual Grid=  24
Reset applied Successfully 
Learnning policy 
StartState in Actual Grid=  24
Episode: 0 Return: 0.0 Steps Taken: 17 Episode#  0 Ends
Episode: 20 Return: 0.0 Steps Taken: 17 Episode#  20 Ends
Episode: 40 Return: 0.0 Steps Taken: 19 Episode#  40 Ends
Episode: 60 Return: 0.0 Steps Taken: 13 Episode#  60 Ends
Episode: 80 Return: 0.0 Steps Taken: 14 Episode#  80 Ends
Percent of episodes finished successfully: 0.0
Percent of episodes finished successfully (last 100 episodes): 0.0
Average number of steps: 19.04
Average number of steps (last 100 episodes): 19.04
Learning policy and Time taken to learn policy =  1.82
StartState in Actual Grid=  24
state in GridPos =  10  Q =  [0. 0. 0. 0.]
Applying Actions of Learned policy =  [np.int64(3), np.int64(3), np.int64(2), np.int64(0), np.int64(0), np.int64(1), np.int64(2), np.int64(0), np.int64(2), np.int64(2), np.int64(0), np.int64(0), np.int64(1), np.int64(2)]  Time taken to extract policy =  1783563266.81
StartState in Actual Grid=  24
Apply policy states_visited =  [10, 19, 22, 19, 11, 8, 11, 9, 3, 3, 3, 2, 0, 2, 2]
Apply policy unique states_visited =  {0, 2, 3, 8, 9, 10, 11, 19, 22}  and size  =  9
Time taken to apply policy =  1.83
 intersectP =  {3403, 1008, 410, 1436, 701, 254}
StartState in env.GridPos=  10
StartState in Actual Grid=  24
Reset applied Successfully 
Learnning policy 
StartState in Actual Grid=  24
Episode: 0 Return: 0.0 Steps Taken: 17 Episode#  0 Ends
Episode: 20 Return: 0.0 Steps Taken: 17 Episode#  20 Ends
Episode: 40 Return: 0.0 Steps Taken: 19 Episode#  40 Ends
Episode: 60 Return: 0.0 Steps Taken: 13 Episode#  60 Ends
Episode: 80 Return: 0.0 Steps Taken: 14 Episode#  80 Ends
Percent of episodes finished successfully: 0.0
Percent of episodes finished successfully (last 100 episodes): 0.0
Average number of steps: 19.04
Average number of steps (last 100 episodes): 19.04
Learning policy and Time taken to learn policy =  1.73
StartState in Actual Grid=  24
state in GridPos =  10  Q =  [0. 0. 0. 0.]
Applying Actions of Learned policy =  [np.int64(3), np.int64(3), np.int64(2), np.int64(0), np.int64(0), np.int64(1), np.int64(2), np.int64(0), np.int64(2), np.int64(2), np.int64(0), np.int64(0), np.int64(1), np.int64(2)]  Time taken to extract policy =  1783563268.65
StartState in Actual Grid=  24
Apply policy states_visited =  [10, 19, 22, 19, 11, 8, 11, 9, 3, 3, 3, 2, 0, 2, 2]
Apply policy unique states_visited =  {0, 2, 3, 8, 9, 10, 11, 19, 22}  and size  =  9
Time taken to apply policy =  1.74
 intersectP =  {291, 551, 425, 463, 1053}
StartState in env.GridPos=  10
StartState in Actual Grid=  24
Reset applied Successfully 
Learnning policy 
StartState in Actual Grid=  24
Episode: 0 Return: 0.0 Steps Taken: 17 Episode#  0 Ends
Episode: 20 Return: 0.0 Steps Taken: 17 Episode#  20 Ends
Episode: 40 Return: 0.0 Steps Taken: 19 Episode#  40 Ends
Episode: 60 Return: 0.0 Steps Taken: 13 Episode#  60 Ends
Episode: 80 Return: 0.0 Steps Taken: 14 Episode#  80 Ends
Percent of episodes finished successfully: 0.0
Percent of episodes finished successfully (last 100 episodes): 0.0
Average number of steps: 19.04
Average number of steps (last 100 episodes): 19.04
Learning policy and Time taken to learn policy =  1.87
StartState in Actual Grid=  24
state in GridPos =  10  Q =  [0. 0. 0. 0.]
Applying Actions of Learned policy =  [np.int64(3), np.int64(3), np.int64(2), np.int64(0), np.int64(0), np.int64(1), np.int64(2), np.int64(0), np.int64(2), np.int64(2), np.int64(0), np.int64(0), np.int64(1), np.int64(2)]  Time taken to extract policy =  1783563270.41
StartState in Actual Grid=  24
Apply policy states_visited =  [10, 19, 22, 19, 11, 8, 11, 9, 3, 3, 3, 2, 0, 2, 2]
Apply policy unique states_visited =  {0, 2, 3, 8, 9, 10, 11, 19, 22}  and size  =  9
Time taken to apply policy =  1.87
 intersectP =  {2021, 4748, 4653, 2779, 479}
stopcount=5: Amazon P=0.105 R=20.00 F=0.210 Hit=0.200  |  MovieLens P=0.360 R=14.53 F=0.703 Hit=0.933  (49s)
StartState in env.GridPos=  32
StartState in Actual Grid=  23
Reset applied Successfully 
Learnning policy 
StartState in Actual Grid=  23
Episode: 0 Return: 0.0 Steps Taken: 20 Episode#  0 Ends
Episode: 20 Return: 0.0 Steps Taken: 30 Episode#  20 Ends
Episode: 40 Return: 0.0 Steps Taken: 31 Episode#  40 Ends
Episode: 60 Return: 0.0 Steps Taken: 30 Episode#  60 Ends
Episode: 80 Return: 0.0 Steps Taken: 28 Episode#  80 Ends
Percent of episodes finished successfully: 0.0
Percent of episodes finished successfully (last 100 episodes): 0.0
Average number of steps: 28.28
Average number of steps (last 100 episodes): 28.28
Learning policy and Time taken to learn policy =  1.95
StartState in Actual Grid=  23
state in GridPos =  32  Q =  [0. 0. 0. 0.]
states_visited =  [32, 32, 27, 24, 16, 14, 16, 14, 6, 5, 6, 5, 1, 0, 0]
unique states_visited =  {32, 1, 0, 5, 6, 14, 16, 24, 27}  and size  =  9
Applying Actions of Learned policy =  [np.int64(3), np.int64(2), np.int64(0), np.int64(0), np.int64(0), np.int64(1), np.int64(0), np.int64(2), np.int64(2), np.int64(3), np.int64(2), np.int64(2), np.int64(2), np.int64(0), np.int64(0)]  Time taken to extract policy =  1783563272.3
StartState in Actual Grid=  23
Apply policy states_visited =  [32, 32, 27, 24, 16, 14, 16, 14, 6, 5, 6, 5, 1, 0, 0, 0]
Apply policy unique states_visited =  {32, 1, 0, 5, 6, 14, 16, 24, 27}  and size  =  9
Time taken to apply policy =  1.95
StartState in env.GridPos=  4
StartState in Actual Grid=  7
Reset applied Successfully 
Learnning policy 
StartState in Actual Grid=  7
Episode: 0 Return: 0.0 Steps Taken: 31 Episode#  0 Ends
Episode: 20 Return: 0.0 Steps Taken: 32 Episode#  20 Ends
Episode: 40 Return: 0.0 Steps Taken: 27 Episode#  40 Ends
Episode: 60 Return: 0.0 Steps Taken: 24 Episode#  60 Ends
Episode: 80 Return: 0.0 Steps Taken: 29 Episode#  80 Ends
Percent of episodes finished successfully: 0.0
Percent of episodes finished successfully (last 100 episodes): 0.0
Average number of steps: 28.57
Average number of steps (last 100 episodes): 28.57
Learning policy and Time taken to learn policy =  1.99
StartState in Actual Grid=  7
state in GridPos =  4  Q =  [0. 0. 0. 0.]
states_visited =  [4, 8, 4, 2, 2, 4, 2, 2, 2, 0, 0, 0, 0, 0, 0]
unique states_visited =  {8, 0, 2, 4}  and size  =  4
Applying Actions of Learned policy =  [np.int64(1), np.int64(0), np.int64(2), np.int64(2), np.int64(3), np.int64(2), np.int64(2), np.int64(2), np.int64(0), np.int64(0), np.int64(2), np.int64(0), np.int64(0), np.int64(0), np.int64(3)]  Time taken to extract policy =  1783563274.26
StartState in Actual Grid=  7
Apply policy states_visited =  [4, 8, 4, 2, 2, 4, 2, 2, 2, 0, 0, 0, 0, 0, 0, 1]
Apply policy unique states_visited =  {0, 1, 2, 4, 8}  and size  =  5
Time taken to apply policy =  1.99
 intersectP =  {702}
StartState in env.GridPos=  1
StartState in Actual Grid=  1
Reset applied Successfully 
Learnning policy 
StartState in Actual Grid=  1
Episode: 0 Return: 0.0 Steps Taken: 31 Episode#  0 Ends
Episode: 20 Return: 0.0 Steps Taken: 32 Episode#  20 Ends
Episode: 40 Return: 0.0 Steps Taken: 27 Episode#  40 Ends
Episode: 60 Return: 0.0 Steps Taken: 24 Episode#  60 Ends
Episode: 80 Return: 0.0 Steps Taken: 29 Episode#  80 Ends
Percent of episodes finished successfully: 0.0
Percent of episodes finished successfully (last 100 episodes): 0.0
Average number of steps: 28.57
Average number of steps (last 100 episodes): 28.57
Learning policy and Time taken to learn policy =  2.02
StartState in Actual Grid=  1
state in GridPos =  1  Q =  [0. 0. 0. 0.]
states_visited =  [1, 4, 1, 0, 0, 1, 0, 0, 0, 0, 0, 0, 0, 0]
unique states_visited =  {0, 1, 4}  and size  =  3
Applying Actions of Learned policy =  [np.int64(1), np.int64(0), np.int64(2), np.int64(2), np.int64(3), np.int64(2), np.int64(2), np.int64(2), np.int64(0), np.int64(0), np.int64(2), np.int64(0), np.int64(0), np.int64(0)]  Time taken to extract policy =  1783563276.26
StartState in Actual Grid=  1
Apply policy states_visited =  [1, 4, 1, 0, 0, 1, 0, 0, 0, 0, 0, 0, 0, 0, 0]
Apply policy unique states_visited =  {0, 1, 4}  and size  =  3
Time taken to apply policy =  2.02
 intersectP =  {233}
StartState in env.GridPos=  1
StartState in Actual Grid=  1
Reset applied Successfully 
Learnning policy 
StartState in Actual Grid=  1
Episode: 0 Return: 0.0 Steps Taken: 31 Episode#  0 Ends
Episode: 20 Return: 0.0 Steps Taken: 32 Episode#  20 Ends
Episode: 40 Return: 0.0 Steps Taken: 27 Episode#  40 Ends
Episode: 60 Return: 0.0 Steps Taken: 24 Episode#  60 Ends
Episode: 80 Return: 0.0 Steps Taken: 29 Episode#  80 Ends
Percent of episodes finished successfully: 0.0
Percent of episodes finished successfully (last 100 episodes): 0.0
Average number of steps: 28.57
Average number of steps (last 100 episodes): 28.57
Learning policy and Time taken to learn policy =  2.49
StartState in Actual Grid=  1
state in GridPos =  1  Q =  [0. 0. 0. 0.]
states_visited =  [1, 4, 1, 0, 0, 1, 0, 0, 0, 0, 0, 0, 0, 0]
unique states_visited =  {0, 1, 4}  and size  =  3
Applying Actions of Learned policy =  [np.int64(1), np.int64(0), np.int64(2), np.int64(2), np.int64(3), np.int64(2), np.int64(2), np.int64(2), np.int64(0), np.int64(0), np.int64(2), np.int64(0), np.int64(0), np.int64(0)]  Time taken to extract policy =  1783563278.29
StartState in Actual Grid=  1
Apply policy states_visited =  [1, 4, 1, 0, 0, 1, 0, 0, 0, 0, 0, 0, 0, 0, 0]
Apply policy unique states_visited =  {0, 1, 4}  and size  =  3
Time taken to apply policy =  2.49
 intersectP =  {992}
StartState in env.GridPos=  13
StartState in Actual Grid=  9
Reset applied Successfully 
Learnning policy 
StartState in Actual Grid=  9
Episode: 0 Return: 0.0 Steps Taken: 22 Episode#  0 Ends
Episode: 20 Return: 0.0 Steps Taken: 32 Episode#  20 Ends
Episode: 40 Return: 0.0 Steps Taken: 27 Episode#  40 Ends
Episode: 60 Return: 0.0 Steps Taken: 24 Episode#  60 Ends
Episode: 80 Return: 0.0 Steps Taken: 29 Episode#  80 Ends
Percent of episodes finished successfully: 0.0
Percent of episodes finished successfully (last 100 episodes): 0.0
Average number of steps: 28.57
Average number of steps (last 100 episodes): 28.57
Learning policy and Time taken to learn policy =  1.69
StartState in Actual Grid=  9
state in GridPos =  13  Q =  [0. 0. 0. 0.]
states_visited =  [13, 17, 13, 7, 4, 7, 4, 2, 2, 0, 0, 0, 0, 0, 0]
unique states_visited =  {0, 2, 4, 7, 13, 17}  and size  =  6
Applying Actions of Learned policy =  [np.int64(1), np.int64(0), np.int64(2), np.int64(2), np.int64(3), np.int64(2), np.int64(2), np.int64(2), np.int64(0), np.int64(0), np.int64(2), np.int64(0), np.int64(0), np.int64(0), np.int64(3)]  Time taken to extract policy =  1783563280.79
StartState in Actual Grid=  9
Apply policy states_visited =  [13, 17, 13, 7, 4, 7, 4, 2, 2, 0, 0, 0, 0, 0, 0, 1]
Apply policy unique states_visited =  {0, 1, 2, 4, 7, 13, 17}  and size  =  7
Time taken to apply policy =  1.69
StartState in env.GridPos=  8
StartState in Actual Grid=  13
Reset applied Successfully 
Learnning policy 
StartState in Actual Grid=  13
Episode: 0 Return: 0.0 Steps Taken: 22 Episode#  0 Ends
Episode: 20 Return: 0.0 Steps Taken: 32 Episode#  20 Ends
Episode: 40 Return: 0.0 Steps Taken: 27 Episode#  40 Ends
Episode: 60 Return: 0.0 Steps Taken: 24 Episode#  60 Ends
Episode: 80 Return: 0.0 Steps Taken: 29 Episode#  80 Ends
Percent of episodes finished successfully: 0.0
Percent of episodes finished successfully (last 100 episodes): 0.0
Average number of steps: 28.57
Average number of steps (last 100 episodes): 28.57
Learning policy and Time taken to learn policy =  1.81
StartState in Actual Grid=  13
state in GridPos =  8  Q =  [0. 0. 0. 0.]
states_visited =  [8, 11, 8, 3, 3, 8, 3, 3, 3, 2, 0, 0, 0, 0, 0]
unique states_visited =  {0, 2, 3, 8, 11}  and size  =  5
Applying Actions of Learned policy =  [np.int64(1), np.int64(0), np.int64(2), np.int64(2), np.int64(3), np.int64(2), np.int64(2), np.int64(2), np.int64(0), np.int64(0), np.int64(2), np.int64(0), np.int64(0), np.int64(0), np.int64(3)]  Time taken to extract policy =  1783563282.48
StartState in Actual Grid=  13
Apply policy states_visited =  [8, 11, 8, 3, 3, 8, 3, 3, 3, 2, 0, 0, 0, 0, 0, 1]
Apply policy unique states_visited =  {0, 1, 2, 3, 8, 11}  and size  =  6
Time taken to apply policy =  1.81
StartState in env.GridPos=  2
StartState in Actual Grid=  6
Reset applied Successfully 
Learnning policy 
StartState in Actual Grid=  6
Episode: 0 Return: 0.0 Steps Taken: 20 Episode#  0 Ends
Episode: 20 Return: 0.0 Steps Taken: 32 Episode#  20 Ends
Episode: 40 Return: 0.0 Steps Taken: 27 Episode#  40 Ends
Episode: 60 Return: 0.0 Steps Taken: 24 Episode#  60 Ends
Episode: 80 Return: 0.0 Steps Taken: 29 Episode#  80 Ends
Percent of episodes finished successfully: 0.0
Percent of episodes finished successfully (last 100 episodes): 0.0
Average number of steps: 28.57
Average number of steps (last 100 episodes): 28.57
Learning policy and Time taken to learn policy =  2.23
StartState in Actual Grid=  6
state in GridPos =  2  Q =  [0. 0. 0. 0.]
states_visited =  [2, 3, 2, 2, 2, 4, 2, 2, 2, 0, 0, 0, 0, 0, 0]
unique states_visited =  {0, 2, 3, 4}  and size  =  4
Applying Actions of Learned policy =  [np.int64(1), np.int64(0), np.int64(2), np.int64(2), np.int64(3), np.int64(2), np.int64(2), np.int64(2), np.int64(0), np.int64(0), np.int64(2), np.int64(0), np.int64(0), np.int64(0), np.int64(3)]  Time taken to extract policy =  1783563284.3
StartState in Actual Grid=  6
Apply policy states_visited =  [2, 3, 2, 2, 2, 4, 2, 2, 2, 0, 0, 0, 0, 0, 0, 1]
Apply policy unique states_visited =  {0, 1, 2, 3, 4}  and size  =  5
Time taken to apply policy =  2.23
 intersectP =  {841, 99}
StartState in env.GridPos=  24
StartState in Actual Grid=  16
Reset applied Successfully 
Learnning policy 
StartState in Actual Grid=  16
Episode: 0 Return: 0.0 Steps Taken: 26 Episode#  0 Ends
Episode: 20 Return: 0.0 Steps Taken: 32 Episode#  20 Ends
Episode: 40 Return: 0.0 Steps Taken: 27 Episode#  40 Ends
Episode: 60 Return: 0.0 Steps Taken: 24 Episode#  60 Ends
Episode: 80 Return: 0.0 Steps Taken: 29 Episode#  80 Ends
Percent of episodes finished successfully: 0.0
Percent of episodes finished successfully (last 100 episodes): 0.0
Average number of steps: 28.57
Average number of steps (last 100 episodes): 28.57
Learning policy and Time taken to learn policy =  4.77
StartState in Actual Grid=  16
state in GridPos =  24  Q =  [0. 0. 0. 0.]
states_visited =  [24, 27, 24, 17, 12, 17, 12, 8, 3, 2, 0, 0, 0, 0, 0]
unique states_visited =  {0, 2, 3, 8, 12, 17, 24, 27}  and size  =  8
Applying Actions of Learned policy =  [np.int64(1), np.int64(0), np.int64(2), np.int64(2), np.int64(3), np.int64(2), np.int64(2), np.int64(2), np.int64(0), np.int64(0), np.int64(2), np.int64(0), np.int64(0), np.int64(0), np.int64(3)]  Time taken to extract policy =  1783563286.56
StartState in Actual Grid=  16
Apply policy states_visited =  [24, 27, 24, 17, 12, 17, 12, 8, 3, 2, 0, 0, 0, 0, 0, 1]
Apply policy unique states_visited =  {0, 1, 2, 3, 8, 12, 17, 24, 27}  and size  =  9
Time taken to apply policy =  4.77
StartState in env.GridPos=  13
StartState in Actual Grid=  9
Reset applied Successfully 
Learnning policy 
StartState in Actual Grid=  9
Episode: 0 Return: 0.0 Steps Taken: 22 Episode#  0 Ends
Episode: 20 Return: 0.0 Steps Taken: 32 Episode#  20 Ends
Episode: 40 Return: 0.0 Steps Taken: 27 Episode#  40 Ends
Episode: 60 Return: 0.0 Steps Taken: 24 Episode#  60 Ends
Episode: 80 Return: 0.0 Steps Taken: 29 Episode#  80 Ends
Percent of episodes finished successfully: 0.0
Percent of episodes finished successfully (last 100 episodes): 0.0
Average number of steps: 28.57
Average number of steps (last 100 episodes): 28.57
Learning policy and Time taken to learn policy =  3.18
StartState in Actual Grid=  9
state in GridPos =  13  Q =  [0. 0. 0. 0.]
states_visited =  [13, 17, 13, 7, 4, 7, 4, 2, 2, 0, 0, 0, 0, 0, 0]
unique states_visited =  {0, 2, 4, 7, 13, 17}  and size  =  6
Applying Actions of Learned policy =  [np.int64(1), np.int64(0), np.int64(2), np.int64(2), np.int64(3), np.int64(2), np.int64(2), np.int64(2), np.int64(0), np.int64(0), np.int64(2), np.int64(0), np.int64(0), np.int64(0), np.int64(3)]  Time taken to extract policy =  1783563291.34
StartState in Actual Grid=  9
Apply policy states_visited =  [13, 17, 13, 7, 4, 7, 4, 2, 2, 0, 0, 0, 0, 0, 0, 1]
Apply policy unique states_visited =  {0, 1, 2, 4, 7, 13, 17}  and size  =  7
Time taken to apply policy =  3.19
StartState in env.GridPos=  4
StartState in Actual Grid=  7
Reset applied Successfully 
Learnning policy 
StartState in Actual Grid=  7
Episode: 0 Return: 0.0 Steps Taken: 31 Episode#  0 Ends
Episode: 20 Return: 0.0 Steps Taken: 32 Episode#  20 Ends
Episode: 40 Return: 0.0 Steps Taken: 27 Episode#  40 Ends
Episode: 60 Return: 0.0 Steps Taken: 24 Episode#  60 Ends
Episode: 80 Return: 0.0 Steps Taken: 29 Episode#  80 Ends
Percent of episodes finished successfully: 0.0
Percent of episodes finished successfully (last 100 episodes): 0.0
Average number of steps: 28.57
Average number of steps (last 100 episodes): 28.57
Learning policy and Time taken to learn policy =  2.28
StartState in Actual Grid=  7
state in GridPos =  4  Q =  [0. 0. 0. 0.]
states_visited =  [4, 8, 4, 2, 2, 4, 2, 2, 2, 0, 0, 0, 0, 0, 0]
unique states_visited =  {8, 0, 2, 4}  and size  =  4
Applying Actions of Learned policy =  [np.int64(1), np.int64(0), np.int64(2), np.int64(2), np.int64(3), np.int64(2), np.int64(2), np.int64(2), np.int64(0), np.int64(0), np.int64(2), np.int64(0), np.int64(0), np.int64(0), np.int64(3)]  Time taken to extract policy =  1783563294.53
StartState in Actual Grid=  7
Apply policy states_visited =  [4, 8, 4, 2, 2, 4, 2, 2, 2, 0, 0, 0, 0, 0, 0, 1]
Apply policy unique states_visited =  {0, 1, 2, 4, 8}  and size  =  5
Time taken to apply policy =  2.29
 intersectP =  {1309}
StartState in env.GridPos=  24
StartState in Actual Grid=  16
Reset applied Successfully 
Learnning policy 
StartState in Actual Grid=  16
Episode: 0 Return: 0.0 Steps Taken: 26 Episode#  0 Ends
Episode: 20 Return: 0.0 Steps Taken: 32 Episode#  20 Ends
Episode: 40 Return: 0.0 Steps Taken: 27 Episode#  40 Ends
Episode: 60 Return: 0.0 Steps Taken: 24 Episode#  60 Ends
Episode: 80 Return: 0.0 Steps Taken: 29 Episode#  80 Ends
Percent of episodes finished successfully: 0.0
Percent of episodes finished successfully (last 100 episodes): 0.0
Average number of steps: 28.57
Average number of steps (last 100 episodes): 28.57
Learning policy and Time taken to learn policy =  2.27
StartState in Actual Grid=  16
state in GridPos =  24  Q =  [0. 0. 0. 0.]
states_visited =  [24, 27, 24, 17, 12, 17, 12, 8, 3, 2, 0, 0, 0, 0, 0]
unique states_visited =  {0, 2, 3, 8, 12, 17, 24, 27}  and size  =  8
Applying Actions of Learned policy =  [np.int64(1), np.int64(0), np.int64(2), np.int64(2), np.int64(3), np.int64(2), np.int64(2), np.int64(2), np.int64(0), np.int64(0), np.int64(2), np.int64(0), np.int64(0), np.int64(0), np.int64(3)]  Time taken to extract policy =  1783563296.83
StartState in Actual Grid=  16
Apply policy states_visited =  [24, 27, 24, 17, 12, 17, 12, 8, 3, 2, 0, 0, 0, 0, 0, 1]
Apply policy unique states_visited =  {0, 1, 2, 3, 8, 12, 17, 24, 27}  and size  =  9
Time taken to apply policy =  2.27
StartState in env.GridPos=  13
StartState in Actual Grid=  9
Reset applied Successfully 
Learnning policy 
StartState in Actual Grid=  9
Episode: 0 Return: 0.0 Steps Taken: 22 Episode#  0 Ends
Episode: 20 Return: 0.0 Steps Taken: 32 Episode#  20 Ends
Episode: 40 Return: 0.0 Steps Taken: 27 Episode#  40 Ends
Episode: 60 Return: 0.0 Steps Taken: 24 Episode#  60 Ends
Episode: 80 Return: 0.0 Steps Taken: 29 Episode#  80 Ends
Percent of episodes finished successfully: 0.0
Percent of episodes finished successfully (last 100 episodes): 0.0
Average number of steps: 28.57
Average number of steps (last 100 episodes): 28.57
Learning policy and Time taken to learn policy =  1.91
StartState in Actual Grid=  9
state in GridPos =  13  Q =  [0. 0. 0. 0.]
states_visited =  [13, 17, 13, 7, 4, 7, 4, 2, 2, 0, 0, 0, 0, 0, 0]
unique states_visited =  {0, 2, 4, 7, 13, 17}  and size  =  6
Applying Actions of Learned policy =  [np.int64(1), np.int64(0), np.int64(2), np.int64(2), np.int64(3), np.int64(2), np.int64(2), np.int64(2), np.int64(0), np.int64(0), np.int64(2), np.int64(0), np.int64(0), np.int64(0), np.int64(3)]  Time taken to extract policy =  1783563299.1
StartState in Actual Grid=  9
Apply policy states_visited =  [13, 17, 13, 7, 4, 7, 4, 2, 2, 0, 0, 0, 0, 0, 0, 1]
Apply policy unique states_visited =  {0, 1, 2, 4, 7, 13, 17}  and size  =  7
Time taken to apply policy =  1.91
StartState in env.GridPos=  1
StartState in Actual Grid=  1
Reset applied Successfully 
Learnning policy 
StartState in Actual Grid=  1
Episode: 0 Return: 0.0 Steps Taken: 31 Episode#  0 Ends
Episode: 20 Return: 0.0 Steps Taken: 32 Episode#  20 Ends
Episode: 40 Return: 0.0 Steps Taken: 27 Episode#  40 Ends
Episode: 60 Return: 0.0 Steps Taken: 24 Episode#  60 Ends
Episode: 80 Return: 0.0 Steps Taken: 29 Episode#  80 Ends
Percent of episodes finished successfully: 0.0
Percent of episodes finished successfully (last 100 episodes): 0.0
Average number of steps: 28.57
Average number of steps (last 100 episodes): 28.57
Learning policy and Time taken to learn policy =  2.15
StartState in Actual Grid=  1
state in GridPos =  1  Q =  [0. 0. 0. 0.]
states_visited =  [1, 4, 1, 0, 0, 1, 0, 0, 0, 0, 0, 0, 0, 0]
unique states_visited =  {0, 1, 4}  and size  =  3
Applying Actions of Learned policy =  [np.int64(1), np.int64(0), np.int64(2), np.int64(2), np.int64(3), np.int64(2), np.int64(2), np.int64(2), np.int64(0), np.int64(0), np.int64(2), np.int64(0), np.int64(0), np.int64(0)]  Time taken to extract policy =  1783563301.02
StartState in Actual Grid=  1
Apply policy states_visited =  [1, 4, 1, 0, 0, 1, 0, 0, 0, 0, 0, 0, 0, 0, 0]
Apply policy unique states_visited =  {0, 1, 4}  and size  =  3
Time taken to apply policy =  2.16
 intersectP =  {136, 283}
StartState in env.GridPos=  25
StartState in Actual Grid=  11
Reset applied Successfully 
Learnning policy 
StartState in Actual Grid=  11
Episode: 0 Return: 0.0 Steps Taken: 24 Episode#  0 Ends
Episode: 20 Return: 0.0 Steps Taken: 32 Episode#  20 Ends
Episode: 40 Return: 0.0 Steps Taken: 27 Episode#  40 Ends
Episode: 60 Return: 0.0 Steps Taken: 24 Episode#  60 Ends
Episode: 80 Return: 0.0 Steps Taken: 29 Episode#  80 Ends
Percent of episodes finished successfully: 0.0
Percent of episodes finished successfully (last 100 episodes): 0.0
Average number of steps: 28.57
Average number of steps (last 100 episodes): 28.57
Learning policy and Time taken to learn policy =  2.95
StartState in Actual Grid=  11
state in GridPos =  25  Q =  [0. 0. 0. 0.]
states_visited =  [25, 26, 25, 16, 13, 16, 13, 7, 4, 1, 1, 0, 0, 0, 0]
unique states_visited =  {0, 1, 4, 7, 13, 16, 25, 26}  and size  =  8
Applying Actions of Learned policy =  [np.int64(1), np.int64(0), np.int64(2), np.int64(2), np.int64(3), np.int64(2), np.int64(2), np.int64(2), np.int64(0), np.int64(0), np.int64(2), np.int64(0), np.int64(0), np.int64(0), np.int64(3)]  Time taken to extract policy =  1783563303.18
StartState in Actual Grid=  11
Apply policy states_visited =  [25, 26, 25, 16, 13, 16, 13, 7, 4, 1, 1, 0, 0, 0, 0, 1]
Apply policy unique states_visited =  {0, 1, 4, 7, 13, 16, 25, 26}  and size  =  8
Time taken to apply policy =  2.96
StartState in env.GridPos=  6
StartState in Actual Grid=  3
Reset applied Successfully 
Learnning policy 
StartState in Actual Grid=  3
Episode: 0 Return: 0.0 Steps Taken: 22 Episode#  0 Ends
Episode: 20 Return: 0.0 Steps Taken: 32 Episode#  20 Ends
Episode: 40 Return: 0.0 Steps Taken: 27 Episode#  40 Ends
Episode: 60 Return: 0.0 Steps Taken: 24 Episode#  60 Ends
Episode: 80 Return: 0.0 Steps Taken: 29 Episode#  80 Ends
Percent of episodes finished successfully: 0.0
Percent of episodes finished successfully (last 100 episodes): 0.0
Average number of steps: 28.57
Average number of steps (last 100 episodes): 28.57
Learning policy and Time taken to learn policy =  2.6
StartState in Actual Grid=  3
state in GridPos =  6  Q =  [0. 0. 0. 0.]
states_visited =  [6, 13, 6, 5, 1, 5, 1, 0, 0, 0, 0, 0, 0, 0, 0]
unique states_visited =  {0, 1, 5, 6, 13}  and size  =  5
Applying Actions of Learned policy =  [np.int64(1), np.int64(0), np.int64(2), np.int64(2), np.int64(3), np.int64(2), np.int64(2), np.int64(2), np.int64(0), np.int64(0), np.int64(2), np.int64(0), np.int64(0), np.int64(0), np.int64(3)]  Time taken to extract policy =  1783563306.15
StartState in Actual Grid=  3
Apply policy states_visited =  [6, 13, 6, 5, 1, 5, 1, 0, 0, 0, 0, 0, 0, 0, 0, 1]
Apply policy unique states_visited =  {0, 1, 5, 6, 13}  and size  =  5
Time taken to apply policy =  2.6
StartState in env.GridPos=  26
StartState in Actual Grid=  17
Reset applied Successfully 
Learnning policy 
StartState in Actual Grid=  17
Episode: 0 Return: 0.0 Steps Taken: 20 Episode#  0 Ends
Episode: 20 Return: 0.0 Steps Taken: 29 Episode#  20 Ends
Episode: 40 Return: 0.0 Steps Taken: 31 Episode#  40 Ends
Episode: 60 Return: 0.0 Steps Taken: 30 Episode#  60 Ends
Episode: 80 Return: 0.0 Steps Taken: 28 Episode#  80 Ends
Percent of episodes finished successfully: 0.0
Percent of episodes finished successfully (last 100 episodes): 0.0
Average number of steps: 28.28
Average number of steps (last 100 episodes): 28.28
Learning policy and Time taken to learn policy =  2.97
StartState in Actual Grid=  17
state in GridPos =  26  Q =  [0. 0. 0. 0.]
states_visited =  [26, 26, 24, 16, 14, 14, 16, 14, 6, 5, 6, 5, 1, 0, 0]
unique states_visited =  {0, 1, 5, 6, 14, 16, 24, 26}  and size  =  8
Applying Actions of Learned policy =  [np.int64(3), np.int64(2), np.int64(0), np.int64(0), np.int64(0), np.int64(1), np.int64(0), np.int64(2), np.int64(2), np.int64(3), np.int64(2), np.int64(2), np.int64(2), np.int64(0), np.int64(0)]  Time taken to extract policy =  1783563308.76
StartState in Actual Grid=  17
Apply policy states_visited =  [26, 26, 24, 16, 14, 14, 16, 14, 6, 5, 6, 5, 1, 0, 0, 0]
Apply policy unique states_visited =  {0, 1, 5, 6, 14, 16, 24, 26}  and size  =  8
Time taken to apply policy =  2.98
 intersectP =  {801, 100, 359, 1422, 750, 2706, 403, 498, 565, 633, 3391}
StartState in env.GridPos=  10
StartState in Actual Grid=  24
Reset applied Successfully 
Learnning policy 
StartState in Actual Grid=  24
Episode: 0 Return: 0.0 Steps Taken: 22 Episode#  0 Ends
Episode: 20 Return: 0.0 Steps Taken: 32 Episode#  20 Ends
Episode: 40 Return: 0.0 Steps Taken: 27 Episode#  40 Ends
Episode: 60 Return: 0.0 Steps Taken: 24 Episode#  60 Ends
Episode: 80 Return: 0.0 Steps Taken: 29 Episode#  80 Ends
Percent of episodes finished successfully: 0.0
Percent of episodes finished successfully (last 100 episodes): 0.0
Average number of steps: 28.57
Average number of steps (last 100 episodes): 28.57
Learning policy and Time taken to learn policy =  2.89
StartState in Actual Grid=  24
state in GridPos =  10  Q =  [0. 0. 0. 0.]
states_visited =  [10, 20, 10, 10, 10, 19, 10, 10, 10, 9, 3, 3, 2, 0, 0]
unique states_visited =  {0, 2, 3, 9, 10, 19, 20}  and size  =  7
Applying Actions of Learned policy =  [np.int64(1), np.int64(0), np.int64(2), np.int64(2), np.int64(3), np.int64(2), np.int64(2), np.int64(2), np.int64(0), np.int64(0), np.int64(2), np.int64(0), np.int64(0), np.int64(0), np.int64(3)]  Time taken to extract policy =  1783563311.75
StartState in Actual Grid=  24
Apply policy states_visited =  [10, 20, 10, 10, 10, 19, 10, 10, 10, 9, 3, 3, 2, 0, 0, 1]
Apply policy unique states_visited =  {0, 1, 2, 3, 9, 10, 19, 20}  and size  =  8
Time taken to apply policy =  2.9
 intersectP =  {1544, 1753, 3219, 479}
StartState in env.GridPos=  10
StartState in Actual Grid=  24
Reset applied Successfully 
Learnning policy 
StartState in Actual Grid=  24
Episode: 0 Return: 0.0 Steps Taken: 22 Episode#  0 Ends
Episode: 20 Return: 0.0 Steps Taken: 32 Episode#  20 Ends
Episode: 40 Return: 0.0 Steps Taken: 27 Episode#  40 Ends
Episode: 60 Return: 0.0 Steps Taken: 24 Episode#  60 Ends
Episode: 80 Return: 0.0 Steps Taken: 29 Episode#  80 Ends
Percent of episodes finished successfully: 0.0
Percent of episodes finished successfully (last 100 episodes): 0.0
Average number of steps: 28.57
Average number of steps (last 100 episodes): 28.57
Learning policy and Time taken to learn policy =  2.48
StartState in Actual Grid=  24
state in GridPos =  10  Q =  [0. 0. 0. 0.]
states_visited =  [10, 20, 10, 10, 10, 19, 10, 10, 10, 9, 3, 3, 2, 0, 0]
unique states_visited =  {0, 2, 3, 9, 10, 19, 20}  and size  =  7
Applying Actions of Learned policy =  [np.int64(1), np.int64(0), np.int64(2), np.int64(2), np.int64(3), np.int64(2), np.int64(2), np.int64(2), np.int64(0), np.int64(0), np.int64(2), np.int64(0), np.int64(0), np.int64(0), np.int64(3)]  Time taken to extract policy =  1783563314.66
StartState in Actual Grid=  24
Apply policy states_visited =  [10, 20, 10, 10, 10, 19, 10, 10, 10, 9, 3, 3, 2, 0, 0, 1]
Apply policy unique states_visited =  {0, 1, 2, 3, 9, 10, 19, 20}  and size  =  8
Time taken to apply policy =  2.49
 intersectP =  {3107, 764, 807, 3017, 747, 812, 725, 2294, 2295, 3064, 828}
StartState in env.GridPos=  10
StartState in Actual Grid=  24
Reset applied Successfully 
Learnning policy 
StartState in Actual Grid=  24
Episode: 0 Return: 0.0 Steps Taken: 22 Episode#  0 Ends
Episode: 20 Return: 0.0 Steps Taken: 32 Episode#  20 Ends
Episode: 40 Return: 0.0 Steps Taken: 27 Episode#  40 Ends
Episode: 60 Return: 0.0 Steps Taken: 24 Episode#  60 Ends
Episode: 80 Return: 0.0 Steps Taken: 29 Episode#  80 Ends
Percent of episodes finished successfully: 0.0
Percent of episodes finished successfully (last 100 episodes): 0.0
Average number of steps: 28.57
Average number of steps (last 100 episodes): 28.57
Learning policy and Time taken to learn policy =  2.55
StartState in Actual Grid=  24
state in GridPos =  10  Q =  [0. 0. 0. 0.]
states_visited =  [10, 20, 10, 10, 10, 19, 10, 10, 10, 9, 3, 3, 2, 0, 0]
unique states_visited =  {0, 2, 3, 9, 10, 19, 20}  and size  =  7
Applying Actions of Learned policy =  [np.int64(1), np.int64(0), np.int64(2), np.int64(2), np.int64(3), np.int64(2), np.int64(2), np.int64(2), np.int64(0), np.int64(0), np.int64(2), np.int64(0), np.int64(0), np.int64(0), np.int64(3)]  Time taken to extract policy =  1783563317.16
StartState in Actual Grid=  24
Apply policy states_visited =  [10, 20, 10, 10, 10, 19, 10, 10, 10, 9, 3, 3, 2, 0, 0, 1]
Apply policy unique states_visited =  {0, 1, 2, 3, 9, 10, 19, 20}  and size  =  8
Time taken to apply policy =  2.55
 intersectP =  {387, 7028, 629, 1467, 861, 1151}
StartState in env.GridPos=  16
StartState in Actual Grid=  10
Reset applied Successfully 
Learnning policy 
StartState in Actual Grid=  10
Episode: 0 Return: 0.0 Steps Taken: 33 Episode#  0 Ends
Episode: 20 Return: 0.0 Steps Taken: 32 Episode#  20 Ends
Episode: 40 Return: 0.0 Steps Taken: 27 Episode#  40 Ends
Episode: 60 Return: 0.0 Steps Taken: 24 Episode#  60 Ends
Episode: 80 Return: 0.0 Steps Taken: 29 Episode#  80 Ends
Percent of episodes finished successfully: 0.0
Percent of episodes finished successfully (last 100 episodes): 0.0
Average number of steps: 28.57
Average number of steps (last 100 episodes): 28.57
Learning policy and Time taken to learn policy =  2.67
StartState in Actual Grid=  10
state in GridPos =  16  Q =  [0. 0. 0. 0.]
states_visited =  [16, 24, 16, 13, 7, 13, 7, 4, 2, 0, 0, 0, 0, 0, 0]
unique states_visited =  {0, 2, 4, 7, 13, 16, 24}  and size  =  7
Applying Actions of Learned policy =  [np.int64(1), np.int64(0), np.int64(2), np.int64(2), np.int64(3), np.int64(2), np.int64(2), np.int64(2), np.int64(0), np.int64(0), np.int64(2), np.int64(0), np.int64(0), np.int64(0), np.int64(3)]  Time taken to extract policy =  1783563319.74
StartState in Actual Grid=  10
Apply policy states_visited =  [16, 24, 16, 13, 7, 13, 7, 4, 2, 0, 0, 0, 0, 0, 0, 1]
Apply policy unique states_visited =  {0, 1, 2, 4, 7, 13, 16, 24}  and size  =  8
Time taken to apply policy =  2.67
 intersectP =  {1551, 1812, 30, 415, 2209, 162, 299, 1837, 1329, 1457, 180, 565, 1598, 577, 198, 1865, 1866, 1868, 1361, 93, 1759, 481, 483, 106, 497, 123, 637, 638, 127}
StartState in env.GridPos=  10
StartState in Actual Grid=  24
Reset applied Successfully 
Learnning policy 
StartState in Actual Grid=  24
Episode: 0 Return: 0.0 Steps Taken: 22 Episode#  0 Ends
Episode: 20 Return: 0.0 Steps Taken: 32 Episode#  20 Ends
Episode: 40 Return: 0.0 Steps Taken: 27 Episode#  40 Ends
Episode: 60 Return: 0.0 Steps Taken: 24 Episode#  60 Ends
Episode: 80 Return: 0.0 Steps Taken: 29 Episode#  80 Ends
Percent of episodes finished successfully: 0.0
Percent of episodes finished successfully (last 100 episodes): 0.0
Average number of steps: 28.57
Average number of steps (last 100 episodes): 28.57
Learning policy and Time taken to learn policy =  2.71
StartState in Actual Grid=  24
state in GridPos =  10  Q =  [0. 0. 0. 0.]
states_visited =  [10, 20, 10, 10, 10, 19, 10, 10, 10, 9, 3, 3, 2, 0, 0]
unique states_visited =  {0, 2, 3, 9, 10, 19, 20}  and size  =  7
Applying Actions of Learned policy =  [np.int64(1), np.int64(0), np.int64(2), np.int64(2), np.int64(3), np.int64(2), np.int64(2), np.int64(2), np.int64(0), np.int64(0), np.int64(2), np.int64(0), np.int64(0), np.int64(0), np.int64(3)]  Time taken to extract policy =  1783563322.44
StartState in Actual Grid=  24
Apply policy states_visited =  [10, 20, 10, 10, 10, 19, 10, 10, 10, 9, 3, 3, 2, 0, 0, 1]
Apply policy unique states_visited =  {0, 1, 2, 3, 9, 10, 19, 20}  and size  =  8
Time taken to apply policy =  2.71
 intersectP =  {640, 1015, 739, 464}
StartState in env.GridPos=  10
StartState in Actual Grid=  24
Reset applied Successfully 
Learnning policy 
StartState in Actual Grid=  24
Episode: 0 Return: 0.0 Steps Taken: 22 Episode#  0 Ends
Episode: 20 Return: 0.0 Steps Taken: 32 Episode#  20 Ends
Episode: 40 Return: 0.0 Steps Taken: 27 Episode#  40 Ends
Episode: 60 Return: 0.0 Steps Taken: 24 Episode#  60 Ends
Episode: 80 Return: 0.0 Steps Taken: 29 Episode#  80 Ends
Percent of episodes finished successfully: 0.0
Percent of episodes finished successfully (last 100 episodes): 0.0
Average number of steps: 28.57
Average number of steps (last 100 episodes): 28.57
Learning policy and Time taken to learn policy =  2.82
StartState in Actual Grid=  24
state in GridPos =  10  Q =  [0. 0. 0. 0.]
states_visited =  [10, 20, 10, 10, 10, 19, 10, 10, 10, 9, 3, 3, 2, 0, 0]
unique states_visited =  {0, 2, 3, 9, 10, 19, 20}  and size  =  7
Applying Actions of Learned policy =  [np.int64(1), np.int64(0), np.int64(2), np.int64(2), np.int64(3), np.int64(2), np.int64(2), np.int64(2), np.int64(0), np.int64(0), np.int64(2), np.int64(0), np.int64(0), np.int64(0), np.int64(3)]  Time taken to extract policy =  1783563325.17
StartState in Actual Grid=  24
Apply policy states_visited =  [10, 20, 10, 10, 10, 19, 10, 10, 10, 9, 3, 3, 2, 0, 0, 1]
Apply policy unique states_visited =  {0, 1, 2, 3, 9, 10, 19, 20}  and size  =  8
Time taken to apply policy =  2.83
 intersectP =  {1593, 1851, 1758}
StartState in env.GridPos=  10
StartState in Actual Grid=  24
Reset applied Successfully 
Learnning policy 
StartState in Actual Grid=  24
Episode: 0 Return: 0.0 Steps Taken: 22 Episode#  0 Ends
Episode: 20 Return: 0.0 Steps Taken: 32 Episode#  20 Ends
Episode: 40 Return: 0.0 Steps Taken: 27 Episode#  40 Ends
Episode: 60 Return: 0.0 Steps Taken: 24 Episode#  60 Ends
Episode: 80 Return: 0.0 Steps Taken: 29 Episode#  80 Ends
Percent of episodes finished successfully: 0.0
Percent of episodes finished successfully (last 100 episodes): 0.0
Average number of steps: 28.57
Average number of steps (last 100 episodes): 28.57
Learning policy and Time taken to learn policy =  2.67
StartState in Actual Grid=  24
state in GridPos =  10  Q =  [0. 0. 0. 0.]
states_visited =  [10, 20, 10, 10, 10, 19, 10, 10, 10, 9, 3, 3, 2, 0, 0]
unique states_visited =  {0, 2, 3, 9, 10, 19, 20}  and size  =  7
Applying Actions of Learned policy =  [np.int64(1), np.int64(0), np.int64(2), np.int64(2), np.int64(3), np.int64(2), np.int64(2), np.int64(2), np.int64(0), np.int64(0), np.int64(2), np.int64(0), np.int64(0), np.int64(0), np.int64(3)]  Time taken to extract policy =  1783563328.03
StartState in Actual Grid=  24
Apply policy states_visited =  [10, 20, 10, 10, 10, 19, 10, 10, 10, 9, 3, 3, 2, 0, 0, 1]
Apply policy unique states_visited =  {0, 1, 2, 3, 9, 10, 19, 20}  and size  =  8
Time taken to apply policy =  2.68
 intersectP =  {32, 673, 2530, 676, 421, 651, 46, 658, 6868, 3381}
StartState in env.GridPos=  10
StartState in Actual Grid=  24
Reset applied Successfully 
Learnning policy 
StartState in Actual Grid=  24
Episode: 0 Return: 0.0 Steps Taken: 22 Episode#  0 Ends
Episode: 20 Return: 0.0 Steps Taken: 32 Episode#  20 Ends
Episode: 40 Return: 0.0 Steps Taken: 27 Episode#  40 Ends
Episode: 60 Return: 0.0 Steps Taken: 24 Episode#  60 Ends
Episode: 80 Return: 0.0 Steps Taken: 29 Episode#  80 Ends
Percent of episodes finished successfully: 0.0
Percent of episodes finished successfully (last 100 episodes): 0.0
Average number of steps: 28.57
Average number of steps (last 100 episodes): 28.57
Learning policy and Time taken to learn policy =  2.83
StartState in Actual Grid=  24
state in GridPos =  10  Q =  [0. 0. 0. 0.]
states_visited =  [10, 20, 10, 10, 10, 19, 10, 10, 10, 9, 3, 3, 2, 0, 0]
unique states_visited =  {0, 2, 3, 9, 10, 19, 20}  and size  =  7
Applying Actions of Learned policy =  [np.int64(1), np.int64(0), np.int64(2), np.int64(2), np.int64(3), np.int64(2), np.int64(2), np.int64(2), np.int64(0), np.int64(0), np.int64(2), np.int64(0), np.int64(0), np.int64(0), np.int64(3)]  Time taken to extract policy =  1783563330.73
StartState in Actual Grid=  24
Apply policy states_visited =  [10, 20, 10, 10, 10, 19, 10, 10, 10, 9, 3, 3, 2, 0, 0, 1]
Apply policy unique states_visited =  {0, 1, 2, 3, 9, 10, 19, 20}  and size  =  8
Time taken to apply policy =  2.83
 intersectP =  {676, 904, 72, 714, 717, 720, 828, 3005}
StartState in env.GridPos=  10
StartState in Actual Grid=  24
Reset applied Successfully 
Learnning policy 
StartState in Actual Grid=  24
Episode: 0 Return: 0.0 Steps Taken: 22 Episode#  0 Ends
Episode: 20 Return: 0.0 Steps Taken: 32 Episode#  20 Ends
Episode: 40 Return: 0.0 Steps Taken: 27 Episode#  40 Ends
Episode: 60 Return: 0.0 Steps Taken: 24 Episode#  60 Ends
Episode: 80 Return: 0.0 Steps Taken: 29 Episode#  80 Ends
Percent of episodes finished successfully: 0.0
Percent of episodes finished successfully (last 100 episodes): 0.0
Average number of steps: 28.57
Average number of steps (last 100 episodes): 28.57
Learning policy and Time taken to learn policy =  2.69
StartState in Actual Grid=  24
state in GridPos =  10  Q =  [0. 0. 0. 0.]
states_visited =  [10, 20, 10, 10, 10, 19, 10, 10, 10, 9, 3, 3, 2, 0, 0]
unique states_visited =  {0, 2, 3, 9, 10, 19, 20}  and size  =  7
Applying Actions of Learned policy =  [np.int64(1), np.int64(0), np.int64(2), np.int64(2), np.int64(3), np.int64(2), np.int64(2), np.int64(2), np.int64(0), np.int64(0), np.int64(2), np.int64(0), np.int64(0), np.int64(0), np.int64(3)]  Time taken to extract policy =  1783563333.59
StartState in Actual Grid=  24
Apply policy states_visited =  [10, 20, 10, 10, 10, 19, 10, 10, 10, 9, 3, 3, 2, 0, 0, 1]
Apply policy unique states_visited =  {0, 1, 2, 3, 9, 10, 19, 20}  and size  =  8
Time taken to apply policy =  2.69
StartState in env.GridPos=  21
StartState in Actual Grid=  31
Reset applied Successfully 
Learnning policy 
StartState in Actual Grid=  31
Episode: 0 Return: 0.0 Steps Taken: 26 Episode#  0 Ends
Episode: 20 Return: 0.0 Steps Taken: 29 Episode#  20 Ends
Episode: 40 Return: 0.0 Steps Taken: 31 Episode#  40 Ends
Episode: 60 Return: 0.0 Steps Taken: 30 Episode#  60 Ends
Episode: 80 Return: 0.0 Steps Taken: 28 Episode#  80 Ends
Percent of episodes finished successfully: 0.0
Percent of episodes finished successfully (last 100 episodes): 0.0
Average number of steps: 28.28
Average number of steps (last 100 episodes): 28.28
Learning policy and Time taken to learn policy =  2.61
StartState in Actual Grid=  31
state in GridPos =  21  Q =  [0. 0. 0. 0.]
states_visited =  [21, 29, 21, 19, 11, 8, 11, 8, 3, 3, 8, 3, 3, 3, 2]
unique states_visited =  {2, 3, 8, 11, 19, 21, 29}  and size  =  7
Applying Actions of Learned policy =  [np.int64(3), np.int64(2), np.int64(0), np.int64(0), np.int64(0), np.int64(1), np.int64(0), np.int64(2), np.int64(2), np.int64(3), np.int64(2), np.int64(2), np.int64(2), np.int64(0), np.int64(0)]  Time taken to extract policy =  1783563336.3
StartState in Actual Grid=  31
Apply policy states_visited =  [21, 29, 21, 19, 11, 8, 11, 8, 3, 3, 8, 3, 3, 3, 2, 0]
Apply policy unique states_visited =  {0, 2, 3, 8, 11, 19, 21, 29}  and size  =  8
Time taken to apply policy =  2.62
 intersectP =  {2312, 6505, 6504}
StartState in env.GridPos=  10
StartState in Actual Grid=  24
Reset applied Successfully 
Learnning policy 
StartState in Actual Grid=  24
Episode: 0 Return: 0.0 Steps Taken: 22 Episode#  0 Ends
Episode: 20 Return: 0.0 Steps Taken: 32 Episode#  20 Ends
Episode: 40 Return: 0.0 Steps Taken: 27 Episode#  40 Ends
Episode: 60 Return: 0.0 Steps Taken: 24 Episode#  60 Ends
Episode: 80 Return: 0.0 Steps Taken: 29 Episode#  80 Ends
Percent of episodes finished successfully: 0.0
Percent of episodes finished successfully (last 100 episodes): 0.0
Average number of steps: 28.57
Average number of steps (last 100 episodes): 28.57
Learning policy and Time taken to learn policy =  2.63
StartState in Actual Grid=  24
state in GridPos =  10  Q =  [0. 0. 0. 0.]
states_visited =  [10, 20, 10, 10, 10, 19, 10, 10, 10, 9, 3, 3, 2, 0, 0]
unique states_visited =  {0, 2, 3, 9, 10, 19, 20}  and size  =  7
Applying Actions of Learned policy =  [np.int64(1), np.int64(0), np.int64(2), np.int64(2), np.int64(3), np.int64(2), np.int64(2), np.int64(2), np.int64(0), np.int64(0), np.int64(2), np.int64(0), np.int64(0), np.int64(0), np.int64(3)]  Time taken to extract policy =  1783563338.93
StartState in Actual Grid=  24
Apply policy states_visited =  [10, 20, 10, 10, 10, 19, 10, 10, 10, 9, 3, 3, 2, 0, 0, 1]
Apply policy unique states_visited =  {0, 1, 2, 3, 9, 10, 19, 20}  and size  =  8
Time taken to apply policy =  2.64
 intersectP =  {1021, 4082, 189}
StartState in env.GridPos=  10
StartState in Actual Grid=  24
Reset applied Successfully 
Learnning policy 
StartState in Actual Grid=  24
Episode: 0 Return: 0.0 Steps Taken: 22 Episode#  0 Ends
Episode: 20 Return: 0.0 Steps Taken: 32 Episode#  20 Ends
Episode: 40 Return: 0.0 Steps Taken: 27 Episode#  40 Ends
Episode: 60 Return: 0.0 Steps Taken: 24 Episode#  60 Ends
Episode: 80 Return: 0.0 Steps Taken: 29 Episode#  80 Ends
Percent of episodes finished successfully: 0.0
Percent of episodes finished successfully (last 100 episodes): 0.0
Average number of steps: 28.57
Average number of steps (last 100 episodes): 28.57
Learning policy and Time taken to learn policy =  2.95
StartState in Actual Grid=  24
state in GridPos =  10  Q =  [0. 0. 0. 0.]
states_visited =  [10, 20, 10, 10, 10, 19, 10, 10, 10, 9, 3, 3, 2, 0, 0]
unique states_visited =  {0, 2, 3, 9, 10, 19, 20}  and size  =  7
Applying Actions of Learned policy =  [np.int64(1), np.int64(0), np.int64(2), np.int64(2), np.int64(3), np.int64(2), np.int64(2), np.int64(2), np.int64(0), np.int64(0), np.int64(2), np.int64(0), np.int64(0), np.int64(0), np.int64(3)]  Time taken to extract policy =  1783563341.58
StartState in Actual Grid=  24
Apply policy states_visited =  [10, 20, 10, 10, 10, 19, 10, 10, 10, 9, 3, 3, 2, 0, 0, 1]
Apply policy unique states_visited =  {0, 1, 2, 3, 9, 10, 19, 20}  and size  =  8
Time taken to apply policy =  2.96
 intersectP =  {184, 3403}
StartState in env.GridPos=  10
StartState in Actual Grid=  24
Reset applied Successfully 
Learnning policy 
StartState in Actual Grid=  24
Episode: 0 Return: 0.0 Steps Taken: 22 Episode#  0 Ends
Episode: 20 Return: 0.0 Steps Taken: 32 Episode#  20 Ends
Episode: 40 Return: 0.0 Steps Taken: 27 Episode#  40 Ends
Episode: 60 Return: 0.0 Steps Taken: 24 Episode#  60 Ends
Episode: 80 Return: 0.0 Steps Taken: 29 Episode#  80 Ends
Percent of episodes finished successfully: 0.0
Percent of episodes finished successfully (last 100 episodes): 0.0
Average number of steps: 28.57
Average number of steps (last 100 episodes): 28.57
Learning policy and Time taken to learn policy =  2.86
StartState in Actual Grid=  24
state in GridPos =  10  Q =  [0. 0. 0. 0.]
states_visited =  [10, 20, 10, 10, 10, 19, 10, 10, 10, 9, 3, 3, 2, 0, 0]
unique states_visited =  {0, 2, 3, 9, 10, 19, 20}  and size  =  7
Applying Actions of Learned policy =  [np.int64(1), np.int64(0), np.int64(2), np.int64(2), np.int64(3), np.int64(2), np.int64(2), np.int64(2), np.int64(0), np.int64(0), np.int64(2), np.int64(0), np.int64(0), np.int64(0), np.int64(3)]  Time taken to extract policy =  1783563344.56
StartState in Actual Grid=  24
Apply policy states_visited =  [10, 20, 10, 10, 10, 19, 10, 10, 10, 9, 3, 3, 2, 0, 0, 1]
Apply policy unique states_visited =  {0, 1, 2, 3, 9, 10, 19, 20}  and size  =  8
Time taken to apply policy =  2.87
 intersectP =  {440, 291, 464}
StartState in env.GridPos=  10
StartState in Actual Grid=  24
Reset applied Successfully 
Learnning policy 
StartState in Actual Grid=  24
Episode: 0 Return: 0.0 Steps Taken: 22 Episode#  0 Ends
Episode: 20 Return: 0.0 Steps Taken: 32 Episode#  20 Ends
Episode: 40 Return: 0.0 Steps Taken: 27 Episode#  40 Ends
Episode: 60 Return: 0.0 Steps Taken: 24 Episode#  60 Ends
Episode: 80 Return: 0.0 Steps Taken: 29 Episode#  80 Ends
Percent of episodes finished successfully: 0.0
Percent of episodes finished successfully (last 100 episodes): 0.0
Average number of steps: 28.57
Average number of steps (last 100 episodes): 28.57
Learning policy and Time taken to learn policy =  3.1
StartState in Actual Grid=  24
state in GridPos =  10  Q =  [0. 0. 0. 0.]
states_visited =  [10, 20, 10, 10, 10, 19, 10, 10, 10, 9, 3, 3, 2, 0, 0]
unique states_visited =  {0, 2, 3, 9, 10, 19, 20}  and size  =  7
Applying Actions of Learned policy =  [np.int64(1), np.int64(0), np.int64(2), np.int64(2), np.int64(3), np.int64(2), np.int64(2), np.int64(2), np.int64(0), np.int64(0), np.int64(2), np.int64(0), np.int64(0), np.int64(0), np.int64(3)]  Time taken to extract policy =  1783563347.45
StartState in Actual Grid=  24
Apply policy states_visited =  [10, 20, 10, 10, 10, 19, 10, 10, 10, 9, 3, 3, 2, 0, 0, 1]
Apply policy unique states_visited =  {0, 1, 2, 3, 9, 10, 19, 20}  and size  =  8
Time taken to apply policy =  3.11
 intersectP =  {2021, 4748, 4653, 1049, 219, 2779, 479}
stopcount=10: Amazon P=0.201 R=40.00 F=0.400 Hit=0.400  |  MovieLens P=0.440 R=15.11 F=0.854 Hit=0.933  (78s)
StartState in env.GridPos=  32
StartState in Actual Grid=  23
Reset applied Successfully 
Learnning policy 
StartState in Actual Grid=  23
Episode: 0 Return: 0.0 Steps Taken: 30 Episode#  0 Ends
Episode: 20 Return: 0.0 Steps Taken: 35 Episode#  20 Ends
Episode: 40 Return: 0.0 Steps Taken: 42 Episode#  40 Ends
Episode: 60 Return: 0.0 Steps Taken: 33 Episode#  60 Ends
Episode: 80 Return: 0.0 Steps Taken: 37 Episode#  80 Ends
Percent of episodes finished successfully: 0.0
Percent of episodes finished successfully (last 100 episodes): 0.0
Average number of steps: 36.24
Average number of steps (last 100 episodes): 36.24
Learning policy and Time taken to learn policy =  3.02
StartState in Actual Grid=  23
state in GridPos =  32  Q =  [0. 0. 0. 0.]
states_visited =  [32, 26, 32, 33, 35, 35, 33, 32, 26, 24, 27, 23, 18, 11, 9]
unique states_visited =  {32, 33, 35, 9, 11, 18, 23, 24, 26, 27}  and size  =  10
Applying Actions of Learned policy =  [np.int64(0), np.int64(1), np.int64(1), np.int64(1), np.int64(1), np.int64(0), np.int64(0), np.int64(0), np.int64(2), np.int64(1), np.int64(2), np.int64(2), np.int64(2), np.int64(2), np.int64(2)]  Time taken to extract policy =  1783563350.58
StartState in Actual Grid=  23
Apply policy states_visited =  [32, 26, 32, 33, 35, 35, 33, 32, 26, 24, 27, 23, 18, 11, 9, 9]
Apply policy unique states_visited =  {32, 33, 35, 9, 11, 18, 23, 24, 26, 27}  and size  =  10
Time taken to apply policy =  3.03
StartState in env.GridPos=  4
StartState in Actual Grid=  7
Reset applied Successfully 
Learnning policy 
StartState in Actual Grid=  7
Episode: 0 Return: 0.0 Steps Taken: 38 Episode#  0 Ends
Episode: 20 Return: 0.0 Steps Taken: 37 Episode#  20 Ends
Episode: 40 Return: 0.0 Steps Taken: 35 Episode#  40 Ends
Episode: 60 Return: 0.0 Steps Taken: 42 Episode#  60 Ends
Episode: 80 Return: 0.0 Steps Taken: 26 Episode#  80 Ends
Percent of episodes finished successfully: 0.0
Percent of episodes finished successfully (last 100 episodes): 0.0
Average number of steps: 36.66
Average number of steps (last 100 episodes): 36.66
Learning policy and Time taken to learn policy =  3.13
StartState in Actual Grid=  7
state in GridPos =  4  Q =  [0. 0. 0. 0.]
states_visited =  [4, 8, 11, 8, 4, 1, 0, 2, 2, 2, 2, 2, 2, 2, 2]
unique states_visited =  {0, 1, 2, 4, 8, 11}  and size  =  6
Applying Actions of Learned policy =  [np.int64(1), np.int64(1), np.int64(0), np.int64(0), np.int64(0), np.int64(2), np.int64(1), np.int64(2), np.int64(2), np.int64(2), np.int64(2), np.int64(2), np.int64(2), np.int64(2), np.int64(2)]  Time taken to extract policy =  1783563353.61
StartState in Actual Grid=  7
Apply policy states_visited =  [4, 8, 11, 8, 4, 1, 0, 2, 2, 2, 2, 2, 2, 2, 2, 2]
Apply policy unique states_visited =  {0, 1, 2, 4, 8, 11}  and size  =  6
Time taken to apply policy =  3.13
 intersectP =  {702}
StartState in env.GridPos=  1
StartState in Actual Grid=  1
Reset applied Successfully 
Learnning policy 
StartState in Actual Grid=  1
Episode: 0 Return: 0.0 Steps Taken: 38 Episode#  0 Ends
Episode: 20 Return: 0.0 Steps Taken: 37 Episode#  20 Ends
Episode: 40 Return: 0.0 Steps Taken: 35 Episode#  40 Ends
Episode: 60 Return: 0.0 Steps Taken: 42 Episode#  60 Ends
Episode: 80 Return: 0.0 Steps Taken: 26 Episode#  80 Ends
Percent of episodes finished successfully: 0.0
Percent of episodes finished successfully (last 100 episodes): 0.0
Average number of steps: 36.66
Average number of steps (last 100 episodes): 36.66
Learning policy and Time taken to learn policy =  2.61
StartState in Actual Grid=  1
state in GridPos =  1  Q =  [0. 0. 0. 0.]
states_visited =  [1, 4, 8, 4, 1, 1, 0, 2, 2, 2, 2, 2, 2, 2, 2]
unique states_visited =  {0, 1, 2, 4, 8}  and size  =  5
Applying Actions of Learned policy =  [np.int64(1), np.int64(1), np.int64(0), np.int64(0), np.int64(0), np.int64(2), np.int64(1), np.int64(2), np.int64(2), np.int64(2), np.int64(2), np.int64(2), np.int64(2), np.int64(2), np.int64(2)]  Time taken to extract policy =  1783563356.75
StartState in Actual Grid=  1
Apply policy states_visited =  [1, 4, 8, 4, 1, 1, 0, 2, 2, 2, 2, 2, 2, 2, 2, 2]
Apply policy unique states_visited =  {0, 1, 2, 4, 8}  and size  =  5
Time taken to apply policy =  2.62
 intersectP =  {233}
StartState in env.GridPos=  1
StartState in Actual Grid=  1
Reset applied Successfully 
Learnning policy 
StartState in Actual Grid=  1
Episode: 0 Return: 0.0 Steps Taken: 38 Episode#  0 Ends
Episode: 20 Return: 0.0 Steps Taken: 37 Episode#  20 Ends
Episode: 40 Return: 0.0 Steps Taken: 35 Episode#  40 Ends
Episode: 60 Return: 0.0 Steps Taken: 42 Episode#  60 Ends
Episode: 80 Return: 0.0 Steps Taken: 26 Episode#  80 Ends
Percent of episodes finished successfully: 0.0
Percent of episodes finished successfully (last 100 episodes): 0.0
Average number of steps: 36.66
Average number of steps (last 100 episodes): 36.66
Learning policy and Time taken to learn policy =  2.47
StartState in Actual Grid=  1
state in GridPos =  1  Q =  [0. 0. 0. 0.]
states_visited =  [1, 4, 8, 4, 1, 1, 0, 2, 2, 2, 2, 2, 2, 2, 2]
unique states_visited =  {0, 1, 2, 4, 8}  and size  =  5
Applying Actions of Learned policy =  [np.int64(1), np.int64(1), np.int64(0), np.int64(0), np.int64(0), np.int64(2), np.int64(1), np.int64(2), np.int64(2), np.int64(2), np.int64(2), np.int64(2), np.int64(2), np.int64(2), np.int64(2)]  Time taken to extract policy =  1783563359.38
StartState in Actual Grid=  1
Apply policy states_visited =  [1, 4, 8, 4, 1, 1, 0, 2, 2, 2, 2, 2, 2, 2, 2, 2]
Apply policy unique states_visited =  {0, 1, 2, 4, 8}  and size  =  5
Time taken to apply policy =  2.47
 intersectP =  {992}
StartState in env.GridPos=  13
StartState in Actual Grid=  9
Reset applied Successfully 
Learnning policy 
StartState in Actual Grid=  9
Episode: 0 Return: 0.0 Steps Taken: 36 Episode#  0 Ends
Episode: 20 Return: 0.0 Steps Taken: 40 Episode#  20 Ends
Episode: 40 Return: 0.0 Steps Taken: 35 Episode#  40 Ends
Episode: 60 Return: 0.0 Steps Taken: 42 Episode#  60 Ends
Episode: 80 Return: 0.0 Steps Taken: 26 Episode#  80 Ends
Percent of episodes finished successfully: 0.0
Percent of episodes finished successfully (last 100 episodes): 0.0
Average number of steps: 36.66
Average number of steps (last 100 episodes): 36.66
Learning policy and Time taken to learn policy =  3.25
StartState in Actual Grid=  9
state in GridPos =  13  Q =  [0. 0. 0. 0.]
states_visited =  [13, 17, 23, 17, 13, 6, 5, 7, 4, 2, 2, 2, 2, 2, 2]
unique states_visited =  {2, 4, 5, 6, 7, 13, 17, 23}  and size  =  8
Applying Actions of Learned policy =  [np.int64(1), np.int64(1), np.int64(0), np.int64(0), np.int64(0), np.int64(2), np.int64(1), np.int64(2), np.int64(2), np.int64(2), np.int64(2), np.int64(2), np.int64(2), np.int64(2), np.int64(2)]  Time taken to extract policy =  1783563361.86
StartState in Actual Grid=  9
Apply policy states_visited =  [13, 17, 23, 17, 13, 6, 5, 7, 4, 2, 2, 2, 2, 2, 2, 2]
Apply policy unique states_visited =  {2, 4, 5, 6, 7, 13, 17, 23}  and size  =  8
Time taken to apply policy =  3.25
StartState in env.GridPos=  8
StartState in Actual Grid=  13
Reset applied Successfully 
Learnning policy 
StartState in Actual Grid=  13
Episode: 0 Return: 0.0 Steps Taken: 36 Episode#  0 Ends
Episode: 20 Return: 0.0 Steps Taken: 40 Episode#  20 Ends
Episode: 40 Return: 0.0 Steps Taken: 35 Episode#  40 Ends
Episode: 60 Return: 0.0 Steps Taken: 42 Episode#  60 Ends
Episode: 80 Return: 0.0 Steps Taken: 26 Episode#  80 Ends
Percent of episodes finished successfully: 0.0
Percent of episodes finished successfully (last 100 episodes): 0.0
Average number of steps: 36.66
Average number of steps (last 100 episodes): 36.66
Learning policy and Time taken to learn policy =  2.84
StartState in Actual Grid=  13
state in GridPos =  8  Q =  [0. 0. 0. 0.]
states_visited =  [8, 11, 19, 11, 8, 4, 2, 3, 3, 3, 3, 3, 3, 3, 3]
unique states_visited =  {2, 3, 4, 8, 11, 19}  and size  =  6
Applying Actions of Learned policy =  [np.int64(1), np.int64(1), np.int64(0), np.int64(0), np.int64(0), np.int64(2), np.int64(1), np.int64(2), np.int64(2), np.int64(2), np.int64(2), np.int64(2), np.int64(2), np.int64(2), np.int64(2)]  Time taken to extract policy =  1783563365.12
StartState in Actual Grid=  13
Apply policy states_visited =  [8, 11, 19, 11, 8, 4, 2, 3, 3, 3, 3, 3, 3, 3, 3, 3]
Apply policy unique states_visited =  {2, 3, 4, 8, 11, 19}  and size  =  6
Time taken to apply policy =  2.85
StartState in env.GridPos=  2
StartState in Actual Grid=  6
Reset applied Successfully 
Learnning policy 
StartState in Actual Grid=  6
Episode: 0 Return: 0.0 Steps Taken: 32 Episode#  0 Ends
Episode: 20 Return: 0.0 Steps Taken: 40 Episode#  20 Ends
Episode: 40 Return: 0.0 Steps Taken: 35 Episode#  40 Ends
Episode: 60 Return: 0.0 Steps Taken: 42 Episode#  60 Ends
Episode: 80 Return: 0.0 Steps Taken: 26 Episode#  80 Ends
Percent of episodes finished successfully: 0.0
Percent of episodes finished successfully (last 100 episodes): 0.0
Average number of steps: 36.66
Average number of steps (last 100 episodes): 36.66
Learning policy and Time taken to learn policy =  2.76
StartState in Actual Grid=  6
state in GridPos =  2  Q =  [0. 0. 0. 0.]
states_visited =  [2, 3, 9, 3, 2, 0, 0, 2, 2, 2, 2, 2, 2, 2, 2]
unique states_visited =  {0, 9, 2, 3}  and size  =  4
Applying Actions of Learned policy =  [np.int64(1), np.int64(1), np.int64(0), np.int64(0), np.int64(0), np.int64(2), np.int64(1), np.int64(2), np.int64(2), np.int64(2), np.int64(2), np.int64(2), np.int64(2), np.int64(2), np.int64(2)]  Time taken to extract policy =  1783563367.98
StartState in Actual Grid=  6
Apply policy states_visited =  [2, 3, 9, 3, 2, 0, 0, 2, 2, 2, 2, 2, 2, 2, 2, 2]
Apply policy unique states_visited =  {0, 9, 2, 3}  and size  =  4
Time taken to apply policy =  2.76
 intersectP =  {841, 99}
StartState in env.GridPos=  24
StartState in Actual Grid=  16
Reset applied Successfully 
Learnning policy 
StartState in Actual Grid=  16
Episode: 0 Return: 0.0 Steps Taken: 37 Episode#  0 Ends
Episode: 20 Return: 0.0 Steps Taken: 40 Episode#  20 Ends
Episode: 40 Return: 0.0 Steps Taken: 35 Episode#  40 Ends
Episode: 60 Return: 0.0 Steps Taken: 42 Episode#  60 Ends
Episode: 80 Return: 0.0 Steps Taken: 26 Episode#  80 Ends
Percent of episodes finished successfully: 0.0
Percent of episodes finished successfully (last 100 episodes): 0.0
Average number of steps: 36.66
Average number of steps (last 100 episodes): 36.66
Learning policy and Time taken to learn policy =  2.79
StartState in Actual Grid=  16
state in GridPos =  24  Q =  [0. 0. 0. 0.]
states_visited =  [24, 27, 31, 27, 24, 16, 13, 17, 12, 8, 3, 3, 3, 3, 3]
unique states_visited =  {3, 8, 12, 13, 16, 17, 24, 27, 31}  and size  =  9
Applying Actions of Learned policy =  [np.int64(1), np.int64(1), np.int64(0), np.int64(0), np.int64(0), np.int64(2), np.int64(1), np.int64(2), np.int64(2), np.int64(2), np.int64(2), np.int64(2), np.int64(2), np.int64(2), np.int64(2)]  Time taken to extract policy =  1783563370.76
StartState in Actual Grid=  16
Apply policy states_visited =  [24, 27, 31, 27, 24, 16, 13, 17, 12, 8, 3, 3, 3, 3, 3, 3]
Apply policy unique states_visited =  {3, 8, 12, 13, 16, 17, 24, 27, 31}  and size  =  9
Time taken to apply policy =  2.79
StartState in env.GridPos=  13
StartState in Actual Grid=  9
Reset applied Successfully 
Learnning policy 
StartState in Actual Grid=  9
Episode: 0 Return: 0.0 Steps Taken: 36 Episode#  0 Ends
Episode: 20 Return: 0.0 Steps Taken: 40 Episode#  20 Ends
Episode: 40 Return: 0.0 Steps Taken: 35 Episode#  40 Ends
Episode: 60 Return: 0.0 Steps Taken: 42 Episode#  60 Ends
Episode: 80 Return: 0.0 Steps Taken: 26 Episode#  80 Ends
Percent of episodes finished successfully: 0.0
Percent of episodes finished successfully (last 100 episodes): 0.0
Average number of steps: 36.66
Average number of steps (last 100 episodes): 36.66
Learning policy and Time taken to learn policy =  2.09
StartState in Actual Grid=  9
state in GridPos =  13  Q =  [0. 0. 0. 0.]
states_visited =  [13, 17, 23, 17, 13, 6, 5, 7, 4, 2, 2, 2, 2, 2, 2]
unique states_visited =  {2, 4, 5, 6, 7, 13, 17, 23}  and size  =  8
Applying Actions of Learned policy =  [np.int64(1), np.int64(1), np.int64(0), np.int64(0), np.int64(0), np.int64(2), np.int64(1), np.int64(2), np.int64(2), np.int64(2), np.int64(2), np.int64(2), np.int64(2), np.int64(2), np.int64(2)]  Time taken to extract policy =  1783563373.56
StartState in Actual Grid=  9
Apply policy states_visited =  [13, 17, 23, 17, 13, 6, 5, 7, 4, 2, 2, 2, 2, 2, 2, 2]
Apply policy unique states_visited =  {2, 4, 5, 6, 7, 13, 17, 23}  and size  =  8
Time taken to apply policy =  2.09
StartState in env.GridPos=  4
StartState in Actual Grid=  7
Reset applied Successfully 
Learnning policy 
StartState in Actual Grid=  7
Episode: 0 Return: 0.0 Steps Taken: 38 Episode#  0 Ends
Episode: 20 Return: 0.0 Steps Taken: 37 Episode#  20 Ends
Episode: 40 Return: 0.0 Steps Taken: 35 Episode#  40 Ends
Episode: 60 Return: 0.0 Steps Taken: 42 Episode#  60 Ends
Episode: 80 Return: 0.0 Steps Taken: 26 Episode#  80 Ends
Percent of episodes finished successfully: 0.0
Percent of episodes finished successfully (last 100 episodes): 0.0
Average number of steps: 36.66
Average number of steps (last 100 episodes): 36.66
Learning policy and Time taken to learn policy =  2.03
StartState in Actual Grid=  7
state in GridPos =  4  Q =  [0. 0. 0. 0.]
states_visited =  [4, 8, 11, 8, 4, 1, 0, 2, 2, 2, 2, 2, 2, 2, 2]
unique states_visited =  {0, 1, 2, 4, 8, 11}  and size  =  6
Applying Actions of Learned policy =  [np.int64(1), np.int64(1), np.int64(0), np.int64(0), np.int64(0), np.int64(2), np.int64(1), np.int64(2), np.int64(2), np.int64(2), np.int64(2), np.int64(2), np.int64(2), np.int64(2), np.int64(2)]  Time taken to extract policy =  1783563375.66
StartState in Actual Grid=  7
Apply policy states_visited =  [4, 8, 11, 8, 4, 1, 0, 2, 2, 2, 2, 2, 2, 2, 2, 2]
Apply policy unique states_visited =  {0, 1, 2, 4, 8, 11}  and size  =  6
Time taken to apply policy =  2.03
 intersectP =  {1309}
StartState in env.GridPos=  24
StartState in Actual Grid=  16
Reset applied Successfully 
Learnning policy 
StartState in Actual Grid=  16
Episode: 0 Return: 0.0 Steps Taken: 37 Episode#  0 Ends
Episode: 20 Return: 0.0 Steps Taken: 40 Episode#  20 Ends
Episode: 40 Return: 0.0 Steps Taken: 35 Episode#  40 Ends
Episode: 60 Return: 0.0 Steps Taken: 42 Episode#  60 Ends
Episode: 80 Return: 0.0 Steps Taken: 26 Episode#  80 Ends
Percent of episodes finished successfully: 0.0
Percent of episodes finished successfully (last 100 episodes): 0.0
Average number of steps: 36.66
Average number of steps (last 100 episodes): 36.66
Learning policy and Time taken to learn policy =  1.59
StartState in Actual Grid=  16
state in GridPos =  24  Q =  [0. 0. 0. 0.]
states_visited =  [24, 27, 31, 27, 24, 16, 13, 17, 12, 8, 3, 3, 3, 3, 3]
unique states_visited =  {3, 8, 12, 13, 16, 17, 24, 27, 31}  and size  =  9
Applying Actions of Learned policy =  [np.int64(1), np.int64(1), np.int64(0), np.int64(0), np.int64(0), np.int64(2), np.int64(1), np.int64(2), np.int64(2), np.int64(2), np.int64(2), np.int64(2), np.int64(2), np.int64(2), np.int64(2)]  Time taken to extract policy =  1783563377.7
StartState in Actual Grid=  16
Apply policy states_visited =  [24, 27, 31, 27, 24, 16, 13, 17, 12, 8, 3, 3, 3, 3, 3, 3]
Apply policy unique states_visited =  {3, 8, 12, 13, 16, 17, 24, 27, 31}  and size  =  9
Time taken to apply policy =  1.59
StartState in env.GridPos=  13
StartState in Actual Grid=  9
Reset applied Successfully 
Learnning policy 
StartState in Actual Grid=  9
Episode: 0 Return: 0.0 Steps Taken: 36 Episode#  0 Ends
Episode: 20 Return: 0.0 Steps Taken: 40 Episode#  20 Ends
Episode: 40 Return: 0.0 Steps Taken: 35 Episode#  40 Ends
Episode: 60 Return: 0.0 Steps Taken: 42 Episode#  60 Ends
Episode: 80 Return: 0.0 Steps Taken: 26 Episode#  80 Ends
Percent of episodes finished successfully: 0.0
Percent of episodes finished successfully (last 100 episodes): 0.0
Average number of steps: 36.66
Average number of steps (last 100 episodes): 36.66
Learning policy and Time taken to learn policy =  1.67
StartState in Actual Grid=  9
state in GridPos =  13  Q =  [0. 0. 0. 0.]
states_visited =  [13, 17, 23, 17, 13, 6, 5, 7, 4, 2, 2, 2, 2, 2, 2]
unique states_visited =  {2, 4, 5, 6, 7, 13, 17, 23}  and size  =  8
Applying Actions of Learned policy =  [np.int64(1), np.int64(1), np.int64(0), np.int64(0), np.int64(0), np.int64(2), np.int64(1), np.int64(2), np.int64(2), np.int64(2), np.int64(2), np.int64(2), np.int64(2), np.int64(2), np.int64(2)]  Time taken to extract policy =  1783563379.29
StartState in Actual Grid=  9
Apply policy states_visited =  [13, 17, 23, 17, 13, 6, 5, 7, 4, 2, 2, 2, 2, 2, 2, 2]
Apply policy unique states_visited =  {2, 4, 5, 6, 7, 13, 17, 23}  and size  =  8
Time taken to apply policy =  1.68
StartState in env.GridPos=  1
StartState in Actual Grid=  1
Reset applied Successfully 
Learnning policy 
StartState in Actual Grid=  1
Episode: 0 Return: 0.0 Steps Taken: 38 Episode#  0 Ends
Episode: 20 Return: 0.0 Steps Taken: 37 Episode#  20 Ends
Episode: 40 Return: 0.0 Steps Taken: 35 Episode#  40 Ends
Episode: 60 Return: 0.0 Steps Taken: 42 Episode#  60 Ends
Episode: 80 Return: 0.0 Steps Taken: 26 Episode#  80 Ends
Percent of episodes finished successfully: 0.0
Percent of episodes finished successfully (last 100 episodes): 0.0
Average number of steps: 36.66
Average number of steps (last 100 episodes): 36.66
Learning policy and Time taken to learn policy =  1.73
StartState in Actual Grid=  1
state in GridPos =  1  Q =  [0. 0. 0. 0.]
states_visited =  [1, 4, 8, 4, 1, 1, 0, 2, 2, 2, 2, 2, 2, 2, 2]
unique states_visited =  {0, 1, 2, 4, 8}  and size  =  5
Applying Actions of Learned policy =  [np.int64(1), np.int64(1), np.int64(0), np.int64(0), np.int64(0), np.int64(2), np.int64(1), np.int64(2), np.int64(2), np.int64(2), np.int64(2), np.int64(2), np.int64(2), np.int64(2), np.int64(2)]  Time taken to extract policy =  1783563380.98
StartState in Actual Grid=  1
Apply policy states_visited =  [1, 4, 8, 4, 1, 1, 0, 2, 2, 2, 2, 2, 2, 2, 2, 2]
Apply policy unique states_visited =  {0, 1, 2, 4, 8}  and size  =  5
Time taken to apply policy =  1.73
 intersectP =  {136, 283}
StartState in env.GridPos=  25
StartState in Actual Grid=  11
Reset applied Successfully 
Learnning policy 
StartState in Actual Grid=  11
Episode: 0 Return: 0.0 Steps Taken: 33 Episode#  0 Ends
Episode: 20 Return: 0.0 Steps Taken: 35 Episode#  20 Ends
Episode: 40 Return: 0.0 Steps Taken: 42 Episode#  40 Ends
Episode: 60 Return: 0.0 Steps Taken: 33 Episode#  60 Ends
Episode: 80 Return: 0.0 Steps Taken: 37 Episode#  80 Ends
Percent of episodes finished successfully: 0.0
Percent of episodes finished successfully (last 100 episodes): 0.0
Average number of steps: 36.24
Average number of steps (last 100 episodes): 36.24
Learning policy and Time taken to learn policy =  2.36
StartState in Actual Grid=  11
state in GridPos =  25  Q =  [0. 0. 0. 0.]
states_visited =  [25, 15, 25, 26, 32, 33, 32, 26, 25, 16, 24, 17, 12, 8, 3]
unique states_visited =  {32, 33, 3, 8, 12, 15, 16, 17, 24, 25, 26}  and size  =  11
Applying Actions of Learned policy =  [np.int64(0), np.int64(1), np.int64(1), np.int64(1), np.int64(1), np.int64(0), np.int64(0), np.int64(0), np.int64(2), np.int64(1), np.int64(2), np.int64(2), np.int64(2), np.int64(2), np.int64(2)]  Time taken to extract policy =  1783563382.71
StartState in Actual Grid=  11
Apply policy states_visited =  [25, 15, 25, 26, 32, 33, 32, 26, 25, 16, 24, 17, 12, 8, 3, 3]
Apply policy unique states_visited =  {32, 33, 3, 8, 12, 15, 16, 17, 24, 25, 26}  and size  =  11
Time taken to apply policy =  2.37
StartState in env.GridPos=  6
StartState in Actual Grid=  3
Reset applied Successfully 
Learnning policy 
StartState in Actual Grid=  3
Episode: 0 Return: 0.0 Steps Taken: 36 Episode#  0 Ends
Episode: 20 Return: 0.0 Steps Taken: 40 Episode#  20 Ends
Episode: 40 Return: 0.0 Steps Taken: 35 Episode#  40 Ends
Episode: 60 Return: 0.0 Steps Taken: 42 Episode#  60 Ends
Episode: 80 Return: 0.0 Steps Taken: 26 Episode#  80 Ends
Percent of episodes finished successfully: 0.0
Percent of episodes finished successfully (last 100 episodes): 0.0
Average number of steps: 36.66
Average number of steps (last 100 episodes): 36.66
Learning policy and Time taken to learn policy =  2.23
StartState in Actual Grid=  3
state in GridPos =  6  Q =  [0. 0. 0. 0.]
states_visited =  [6, 13, 17, 13, 6, 6, 5, 7, 4, 2, 2, 2, 2, 2, 2]
unique states_visited =  {2, 4, 5, 6, 7, 13, 17}  and size  =  7
Applying Actions of Learned policy =  [np.int64(1), np.int64(1), np.int64(0), np.int64(0), np.int64(0), np.int64(2), np.int64(1), np.int64(2), np.int64(2), np.int64(2), np.int64(2), np.int64(2), np.int64(2), np.int64(2), np.int64(2)]  Time taken to extract policy =  1783563385.08
StartState in Actual Grid=  3
Apply policy states_visited =  [6, 13, 17, 13, 6, 6, 5, 7, 4, 2, 2, 2, 2, 2, 2, 2]
Apply policy unique states_visited =  {2, 4, 5, 6, 7, 13, 17}  and size  =  7
Time taken to apply policy =  2.23
StartState in env.GridPos=  26
StartState in Actual Grid=  17
Reset applied Successfully 
Learnning policy 
StartState in Actual Grid=  17
Episode: 0 Return: 0.0 Steps Taken: 31 Episode#  0 Ends
Episode: 20 Return: 0.0 Steps Taken: 35 Episode#  20 Ends
Episode: 40 Return: 0.0 Steps Taken: 42 Episode#  40 Ends
Episode: 60 Return: 0.0 Steps Taken: 33 Episode#  60 Ends
Episode: 80 Return: 0.0 Steps Taken: 37 Episode#  80 Ends
Percent of episodes finished successfully: 0.0
Percent of episodes finished successfully (last 100 episodes): 0.0
Average number of steps: 36.24
Average number of steps (last 100 episodes): 36.24
Learning policy and Time taken to learn policy =  3.23
StartState in Actual Grid=  17
state in GridPos =  26  Q =  [0. 0. 0. 0.]
states_visited =  [26, 25, 26, 32, 33, 35, 33, 32, 26, 24, 27, 23, 18, 11, 9]
unique states_visited =  {32, 33, 35, 9, 11, 18, 23, 24, 25, 26, 27}  and size  =  11
Applying Actions of Learned policy =  [np.int64(0), np.int64(1), np.int64(1), np.int64(1), np.int64(1), np.int64(0), np.int64(0), np.int64(0), np.int64(2), np.int64(1), np.int64(2), np.int64(2), np.int64(2), np.int64(2), np.int64(2)]  Time taken to extract policy =  1783563387.32
StartState in Actual Grid=  17
Apply policy states_visited =  [26, 25, 26, 32, 33, 35, 33, 32, 26, 24, 27, 23, 18, 11, 9, 9]
Apply policy unique states_visited =  {32, 33, 35, 9, 11, 18, 23, 24, 25, 26, 27}  and size  =  11
Time taken to apply policy =  3.24
 intersectP =  {3393, 3394, 3396, 1508, 488, 554, 302, 1038, 3343, 2706, 498, 3252, 565, 1267, 636, 3391}
StartState in env.GridPos=  10
StartState in Actual Grid=  24
Reset applied Successfully 
Learnning policy 
StartState in Actual Grid=  24
Episode: 0 Return: 0.0 Steps Taken: 38 Episode#  0 Ends
Episode: 20 Return: 0.0 Steps Taken: 37 Episode#  20 Ends
Episode: 40 Return: 0.0 Steps Taken: 35 Episode#  40 Ends
Episode: 60 Return: 0.0 Steps Taken: 42 Episode#  60 Ends
Episode: 80 Return: 0.0 Steps Taken: 26 Episode#  80 Ends
Percent of episodes finished successfully: 0.0
Percent of episodes finished successfully (last 100 episodes): 0.0
Average number of steps: 36.66
Average number of steps (last 100 episodes): 36.66
Learning policy and Time taken to learn policy =  4.0
StartState in Actual Grid=  24
state in GridPos =  10  Q =  [0. 0. 0. 0.]
states_visited =  [10, 20, 20, 10, 9, 3, 3, 9, 9, 9, 9, 9, 9, 9, 9]
unique states_visited =  {9, 10, 3, 20}  and size  =  4
Applying Actions of Learned policy =  [np.int64(1), np.int64(1), np.int64(0), np.int64(0), np.int64(0), np.int64(2), np.int64(1), np.int64(2), np.int64(2), np.int64(2), np.int64(2), np.int64(2), np.int64(2), np.int64(2), np.int64(2)]  Time taken to extract policy =  1783563390.58
StartState in Actual Grid=  24
Apply policy states_visited =  [10, 20, 20, 10, 9, 3, 3, 9, 9, 9, 9, 9, 9, 9, 9, 9]
Apply policy unique states_visited =  {9, 10, 3, 20}  and size  =  4
Time taken to apply policy =  4.0
 intersectP =  {1544, 1753, 3219, 479}
StartState in env.GridPos=  10
StartState in Actual Grid=  24
Reset applied Successfully 
Learnning policy 
StartState in Actual Grid=  24
Episode: 0 Return: 0.0 Steps Taken: 38 Episode#  0 Ends
Episode: 20 Return: 0.0 Steps Taken: 37 Episode#  20 Ends
Episode: 40 Return: 0.0 Steps Taken: 35 Episode#  40 Ends
Episode: 60 Return: 0.0 Steps Taken: 42 Episode#  60 Ends
Episode: 80 Return: 0.0 Steps Taken: 26 Episode#  80 Ends
Percent of episodes finished successfully: 0.0
Percent of episodes finished successfully (last 100 episodes): 0.0
Average number of steps: 36.66
Average number of steps (last 100 episodes): 36.66
Learning policy and Time taken to learn policy =  3.53
StartState in Actual Grid=  24
state in GridPos =  10  Q =  [0. 0. 0. 0.]
states_visited =  [10, 20, 20, 10, 9, 3, 3, 9, 9, 9, 9, 9, 9, 9, 9]
unique states_visited =  {9, 10, 3, 20}  and size  =  4
Applying Actions of Learned policy =  [np.int64(1), np.int64(1), np.int64(0), np.int64(0), np.int64(0), np.int64(2), np.int64(1), np.int64(2), np.int64(2), np.int64(2), np.int64(2), np.int64(2), np.int64(2), np.int64(2), np.int64(2)]  Time taken to extract policy =  1783563394.6
StartState in Actual Grid=  24
Apply policy states_visited =  [10, 20, 20, 10, 9, 3, 3, 9, 9, 9, 9, 9, 9, 9, 9, 9]
Apply policy unique states_visited =  {9, 10, 3, 20}  and size  =  4
Time taken to apply policy =  3.53
 intersectP =  {3107, 764, 3017, 747, 812, 725, 2294, 2295, 3064, 828}
StartState in env.GridPos=  10
StartState in Actual Grid=  24
Reset applied Successfully 
Learnning policy 
StartState in Actual Grid=  24
Episode: 0 Return: 0.0 Steps Taken: 38 Episode#  0 Ends
Episode: 20 Return: 0.0 Steps Taken: 37 Episode#  20 Ends
Episode: 40 Return: 0.0 Steps Taken: 35 Episode#  40 Ends
Episode: 60 Return: 0.0 Steps Taken: 42 Episode#  60 Ends
Episode: 80 Return: 0.0 Steps Taken: 26 Episode#  80 Ends
Percent of episodes finished successfully: 0.0
Percent of episodes finished successfully (last 100 episodes): 0.0
Average number of steps: 36.66
Average number of steps (last 100 episodes): 36.66
Learning policy and Time taken to learn policy =  3.2
StartState in Actual Grid=  24
state in GridPos =  10  Q =  [0. 0. 0. 0.]
states_visited =  [10, 20, 20, 10, 9, 3, 3, 9, 9, 9, 9, 9, 9, 9, 9]
unique states_visited =  {9, 10, 3, 20}  and size  =  4
Applying Actions of Learned policy =  [np.int64(1), np.int64(1), np.int64(0), np.int64(0), np.int64(0), np.int64(2), np.int64(1), np.int64(2), np.int64(2), np.int64(2), np.int64(2), np.int64(2), np.int64(2), np.int64(2), np.int64(2)]  Time taken to extract policy =  1783563398.15
StartState in Actual Grid=  24
Apply policy states_visited =  [10, 20, 20, 10, 9, 3, 3, 9, 9, 9, 9, 9, 9, 9, 9, 9]
Apply policy unique states_visited =  {9, 10, 3, 20}  and size  =  4
Time taken to apply policy =  3.2
 intersectP =  {629, 387, 861, 1151}
StartState in env.GridPos=  16
StartState in Actual Grid=  10
Reset applied Successfully 
Learnning policy 
StartState in Actual Grid=  10
Episode: 0 Return: 0.0 Steps Taken: 38 Episode#  0 Ends
Episode: 20 Return: 0.0 Steps Taken: 37 Episode#  20 Ends
Episode: 40 Return: 0.0 Steps Taken: 35 Episode#  40 Ends
Episode: 60 Return: 0.0 Steps Taken: 42 Episode#  60 Ends
Episode: 80 Return: 0.0 Steps Taken: 26 Episode#  80 Ends
Percent of episodes finished successfully: 0.0
Percent of episodes finished successfully (last 100 episodes): 0.0
Average number of steps: 36.66
Average number of steps (last 100 episodes): 36.66
Learning policy and Time taken to learn policy =  3.3
StartState in Actual Grid=  10
state in GridPos =  16  Q =  [0. 0. 0. 0.]
states_visited =  [16, 24, 27, 24, 16, 14, 6, 13, 7, 4, 2, 2, 2, 2, 2]
unique states_visited =  {2, 4, 6, 7, 13, 14, 16, 24, 27}  and size  =  9
Applying Actions of Learned policy =  [np.int64(1), np.int64(1), np.int64(0), np.int64(0), np.int64(0), np.int64(2), np.int64(1), np.int64(2), np.int64(2), np.int64(2), np.int64(2), np.int64(2), np.int64(2), np.int64(2), np.int64(2)]  Time taken to extract policy =  1783563401.36
StartState in Actual Grid=  10
Apply policy states_visited =  [16, 24, 27, 24, 16, 14, 6, 13, 7, 4, 2, 2, 2, 2, 2, 2]
Apply policy unique states_visited =  {2, 4, 6, 7, 13, 14, 16, 24, 27}  and size  =  9
Time taken to apply policy =  3.31
 intersectP =  {1551, 1812, 30, 415, 2209, 162, 299, 1837, 1329, 180, 565, 1598, 577, 198, 1865, 1866, 1868, 1361, 93, 1759, 481, 483, 106, 497, 123, 637, 638, 127}
StartState in env.GridPos=  10
StartState in Actual Grid=  24
Reset applied Successfully 
Learnning policy 
StartState in Actual Grid=  24
Episode: 0 Return: 0.0 Steps Taken: 38 Episode#  0 Ends
Episode: 20 Return: 0.0 Steps Taken: 37 Episode#  20 Ends
Episode: 40 Return: 0.0 Steps Taken: 35 Episode#  40 Ends
Episode: 60 Return: 0.0 Steps Taken: 42 Episode#  60 Ends
Episode: 80 Return: 0.0 Steps Taken: 26 Episode#  80 Ends
Percent of episodes finished successfully: 0.0
Percent of episodes finished successfully (last 100 episodes): 0.0
Average number of steps: 36.66
Average number of steps (last 100 episodes): 36.66
Learning policy and Time taken to learn policy =  3.86
StartState in Actual Grid=  24
state in GridPos =  10  Q =  [0. 0. 0. 0.]
states_visited =  [10, 20, 20, 10, 9, 3, 3, 9, 9, 9, 9, 9, 9, 9, 9]
unique states_visited =  {9, 10, 3, 20}  and size  =  4
Applying Actions of Learned policy =  [np.int64(1), np.int64(1), np.int64(0), np.int64(0), np.int64(0), np.int64(2), np.int64(1), np.int64(2), np.int64(2), np.int64(2), np.int64(2), np.int64(2), np.int64(2), np.int64(2), np.int64(2)]  Time taken to extract policy =  1783563404.69
StartState in Actual Grid=  24
Apply policy states_visited =  [10, 20, 20, 10, 9, 3, 3, 9, 9, 9, 9, 9, 9, 9, 9, 9]
Apply policy unique states_visited =  {9, 10, 3, 20}  and size  =  4
Time taken to apply policy =  3.87
 intersectP =  {640, 739, 464}
StartState in env.GridPos=  10
StartState in Actual Grid=  24
Reset applied Successfully 
Learnning policy 
StartState in Actual Grid=  24
Episode: 0 Return: 0.0 Steps Taken: 38 Episode#  0 Ends
Episode: 20 Return: 0.0 Steps Taken: 37 Episode#  20 Ends
Episode: 40 Return: 0.0 Steps Taken: 35 Episode#  40 Ends
Episode: 60 Return: 0.0 Steps Taken: 42 Episode#  60 Ends
Episode: 80 Return: 0.0 Steps Taken: 26 Episode#  80 Ends
Percent of episodes finished successfully: 0.0
Percent of episodes finished successfully (last 100 episodes): 0.0
Average number of steps: 36.66
Average number of steps (last 100 episodes): 36.66
Learning policy and Time taken to learn policy =  3.63
StartState in Actual Grid=  24
state in GridPos =  10  Q =  [0. 0. 0. 0.]
states_visited =  [10, 20, 20, 10, 9, 3, 3, 9, 9, 9, 9, 9, 9, 9, 9]
unique states_visited =  {9, 10, 3, 20}  and size  =  4
Applying Actions of Learned policy =  [np.int64(1), np.int64(1), np.int64(0), np.int64(0), np.int64(0), np.int64(2), np.int64(1), np.int64(2), np.int64(2), np.int64(2), np.int64(2), np.int64(2), np.int64(2), np.int64(2), np.int64(2)]  Time taken to extract policy =  1783563408.57
StartState in Actual Grid=  24
Apply policy states_visited =  [10, 20, 20, 10, 9, 3, 3, 9, 9, 9, 9, 9, 9, 9, 9, 9]
Apply policy unique states_visited =  {9, 10, 3, 20}  and size  =  4
Time taken to apply policy =  3.64
 intersectP =  {1593, 1851, 1758}
StartState in env.GridPos=  10
StartState in Actual Grid=  24
Reset applied Successfully 
Learnning policy 
StartState in Actual Grid=  24
Episode: 0 Return: 0.0 Steps Taken: 38 Episode#  0 Ends
Episode: 20 Return: 0.0 Steps Taken: 37 Episode#  20 Ends
Episode: 40 Return: 0.0 Steps Taken: 35 Episode#  40 Ends
Episode: 60 Return: 0.0 Steps Taken: 42 Episode#  60 Ends
Episode: 80 Return: 0.0 Steps Taken: 26 Episode#  80 Ends
Percent of episodes finished successfully: 0.0
Percent of episodes finished successfully (last 100 episodes): 0.0
Average number of steps: 36.66
Average number of steps (last 100 episodes): 36.66
Learning policy and Time taken to learn policy =  3.37
StartState in Actual Grid=  24
state in GridPos =  10  Q =  [0. 0. 0. 0.]
states_visited =  [10, 20, 20, 10, 9, 3, 3, 9, 9, 9, 9, 9, 9, 9, 9]
unique states_visited =  {9, 10, 3, 20}  and size  =  4
Applying Actions of Learned policy =  [np.int64(1), np.int64(1), np.int64(0), np.int64(0), np.int64(0), np.int64(2), np.int64(1), np.int64(2), np.int64(2), np.int64(2), np.int64(2), np.int64(2), np.int64(2), np.int64(2), np.int64(2)]  Time taken to extract policy =  1783563412.23
StartState in Actual Grid=  24
Apply policy states_visited =  [10, 20, 20, 10, 9, 3, 3, 9, 9, 9, 9, 9, 9, 9, 9, 9]
Apply policy unique states_visited =  {9, 10, 3, 20}  and size  =  4
Time taken to apply policy =  3.37
 intersectP =  {32, 673, 2530, 676, 421, 651, 46, 6868, 3381}
StartState in env.GridPos=  10
StartState in Actual Grid=  24
Reset applied Successfully 
Learnning policy 
StartState in Actual Grid=  24
Episode: 0 Return: 0.0 Steps Taken: 38 Episode#  0 Ends
Episode: 20 Return: 0.0 Steps Taken: 37 Episode#  20 Ends
Episode: 40 Return: 0.0 Steps Taken: 35 Episode#  40 Ends
Episode: 60 Return: 0.0 Steps Taken: 42 Episode#  60 Ends
Episode: 80 Return: 0.0 Steps Taken: 26 Episode#  80 Ends
Percent of episodes finished successfully: 0.0
Percent of episodes finished successfully (last 100 episodes): 0.0
Average number of steps: 36.66
Average number of steps (last 100 episodes): 36.66
Learning policy and Time taken to learn policy =  4.17
StartState in Actual Grid=  24
state in GridPos =  10  Q =  [0. 0. 0. 0.]
states_visited =  [10, 20, 20, 10, 9, 3, 3, 9, 9, 9, 9, 9, 9, 9, 9]
unique states_visited =  {9, 10, 3, 20}  and size  =  4
Applying Actions of Learned policy =  [np.int64(1), np.int64(1), np.int64(0), np.int64(0), np.int64(0), np.int64(2), np.int64(1), np.int64(2), np.int64(2), np.int64(2), np.int64(2), np.int64(2), np.int64(2), np.int64(2), np.int64(2)]  Time taken to extract policy =  1783563415.61
StartState in Actual Grid=  24
Apply policy states_visited =  [10, 20, 20, 10, 9, 3, 3, 9, 9, 9, 9, 9, 9, 9, 9, 9]
Apply policy unique states_visited =  {9, 10, 3, 20}  and size  =  4
Time taken to apply policy =  4.18
 intersectP =  {676, 904, 72, 714, 717, 720, 828, 3005}
StartState in env.GridPos=  10
StartState in Actual Grid=  24
Reset applied Successfully 
Learnning policy 
StartState in Actual Grid=  24
Episode: 0 Return: 0.0 Steps Taken: 38 Episode#  0 Ends
Episode: 20 Return: 0.0 Steps Taken: 37 Episode#  20 Ends
Episode: 40 Return: 0.0 Steps Taken: 35 Episode#  40 Ends
Episode: 60 Return: 0.0 Steps Taken: 42 Episode#  60 Ends
Episode: 80 Return: 0.0 Steps Taken: 26 Episode#  80 Ends
Percent of episodes finished successfully: 0.0
Percent of episodes finished successfully (last 100 episodes): 0.0
Average number of steps: 36.66
Average number of steps (last 100 episodes): 36.66
Learning policy and Time taken to learn policy =  3.23
StartState in Actual Grid=  24
state in GridPos =  10  Q =  [0. 0. 0. 0.]
states_visited =  [10, 20, 20, 10, 9, 3, 3, 9, 9, 9, 9, 9, 9, 9, 9]
unique states_visited =  {9, 10, 3, 20}  and size  =  4
Applying Actions of Learned policy =  [np.int64(1), np.int64(1), np.int64(0), np.int64(0), np.int64(0), np.int64(2), np.int64(1), np.int64(2), np.int64(2), np.int64(2), np.int64(2), np.int64(2), np.int64(2), np.int64(2), np.int64(2)]  Time taken to extract policy =  1783563419.81
StartState in Actual Grid=  24
Apply policy states_visited =  [10, 20, 20, 10, 9, 3, 3, 9, 9, 9, 9, 9, 9, 9, 9, 9]
Apply policy unique states_visited =  {9, 10, 3, 20}  and size  =  4
Time taken to apply policy =  3.24
StartState in env.GridPos=  21
StartState in Actual Grid=  31
Reset applied Successfully 
Learnning policy 
StartState in Actual Grid=  31
Episode: 0 Return: 0.0 Steps Taken: 34 Episode#  0 Ends
Episode: 20 Return: 0.0 Steps Taken: 35 Episode#  20 Ends
Episode: 40 Return: 0.0 Steps Taken: 42 Episode#  40 Ends
Episode: 60 Return: 0.0 Steps Taken: 33 Episode#  60 Ends
Episode: 80 Return: 0.0 Steps Taken: 37 Episode#  80 Ends
Percent of episodes finished successfully: 0.0
Percent of episodes finished successfully (last 100 episodes): 0.0
Average number of steps: 36.24
Average number of steps (last 100 episodes): 36.24
Learning policy and Time taken to learn policy =  3.06
StartState in Actual Grid=  31
state in GridPos =  21  Q =  [0. 0. 0. 0.]
states_visited =  [21, 19, 21, 21, 21, 21, 19, 11, 8, 3, 9, 9, 9, 9, 9]
unique states_visited =  {3, 8, 9, 11, 19, 21}  and size  =  6
Applying Actions of Learned policy =  [np.int64(0), np.int64(1), np.int64(1), np.int64(1), np.int64(1), np.int64(0), np.int64(0), np.int64(0), np.int64(2), np.int64(1), np.int64(2), np.int64(2), np.int64(2), np.int64(2), np.int64(2)]  Time taken to extract policy =  1783563423.06
StartState in Actual Grid=  31
Apply policy states_visited =  [21, 19, 21, 21, 21, 21, 19, 11, 8, 3, 9, 9, 9, 9, 9, 9]
Apply policy unique states_visited =  {3, 8, 9, 11, 19, 21}  and size  =  6
Time taken to apply policy =  3.07
 intersectP =  {2312, 6505, 6504}
StartState in env.GridPos=  10
StartState in Actual Grid=  24
Reset applied Successfully 
Learnning policy 
StartState in Actual Grid=  24
Episode: 0 Return: 0.0 Steps Taken: 38 Episode#  0 Ends
Episode: 20 Return: 0.0 Steps Taken: 37 Episode#  20 Ends
Episode: 40 Return: 0.0 Steps Taken: 35 Episode#  40 Ends
Episode: 60 Return: 0.0 Steps Taken: 42 Episode#  60 Ends
Episode: 80 Return: 0.0 Steps Taken: 26 Episode#  80 Ends
Percent of episodes finished successfully: 0.0
Percent of episodes finished successfully (last 100 episodes): 0.0
Average number of steps: 36.66
Average number of steps (last 100 episodes): 36.66
Learning policy and Time taken to learn policy =  3.19
StartState in Actual Grid=  24
state in GridPos =  10  Q =  [0. 0. 0. 0.]
states_visited =  [10, 20, 20, 10, 9, 3, 3, 9, 9, 9, 9, 9, 9, 9, 9]
unique states_visited =  {9, 10, 3, 20}  and size  =  4
Applying Actions of Learned policy =  [np.int64(1), np.int64(1), np.int64(0), np.int64(0), np.int64(0), np.int64(2), np.int64(1), np.int64(2), np.int64(2), np.int64(2), np.int64(2), np.int64(2), np.int64(2), np.int64(2), np.int64(2)]  Time taken to extract policy =  1783563426.14
StartState in Actual Grid=  24
Apply policy states_visited =  [10, 20, 20, 10, 9, 3, 3, 9, 9, 9, 9, 9, 9, 9, 9, 9]
Apply policy unique states_visited =  {9, 10, 3, 20}  and size  =  4
Time taken to apply policy =  3.19
 intersectP =  {1021, 4082, 189}
StartState in env.GridPos=  10
StartState in Actual Grid=  24
Reset applied Successfully 
Learnning policy 
StartState in Actual Grid=  24
Episode: 0 Return: 0.0 Steps Taken: 38 Episode#  0 Ends
Episode: 20 Return: 0.0 Steps Taken: 37 Episode#  20 Ends
Episode: 40 Return: 0.0 Steps Taken: 35 Episode#  40 Ends
Episode: 60 Return: 0.0 Steps Taken: 42 Episode#  60 Ends
Episode: 80 Return: 0.0 Steps Taken: 26 Episode#  80 Ends
Percent of episodes finished successfully: 0.0
Percent of episodes finished successfully (last 100 episodes): 0.0
Average number of steps: 36.66
Average number of steps (last 100 episodes): 36.66
Learning policy and Time taken to learn policy =  3.19
StartState in Actual Grid=  24
state in GridPos =  10  Q =  [0. 0. 0. 0.]
states_visited =  [10, 20, 20, 10, 9, 3, 3, 9, 9, 9, 9, 9, 9, 9, 9]
unique states_visited =  {9, 10, 3, 20}  and size  =  4
Applying Actions of Learned policy =  [np.int64(1), np.int64(1), np.int64(0), np.int64(0), np.int64(0), np.int64(2), np.int64(1), np.int64(2), np.int64(2), np.int64(2), np.int64(2), np.int64(2), np.int64(2), np.int64(2), np.int64(2)]  Time taken to extract policy =  1783563429.35
StartState in Actual Grid=  24
Apply policy states_visited =  [10, 20, 20, 10, 9, 3, 3, 9, 9, 9, 9, 9, 9, 9, 9, 9]
Apply policy unique states_visited =  {9, 10, 3, 20}  and size  =  4
Time taken to apply policy =  3.19
 intersectP =  {184, 3403}
StartState in env.GridPos=  10
StartState in Actual Grid=  24
Reset applied Successfully 
Learnning policy 
StartState in Actual Grid=  24
Episode: 0 Return: 0.0 Steps Taken: 38 Episode#  0 Ends
Episode: 20 Return: 0.0 Steps Taken: 37 Episode#  20 Ends
Episode: 40 Return: 0.0 Steps Taken: 35 Episode#  40 Ends
Episode: 60 Return: 0.0 Steps Taken: 42 Episode#  60 Ends
Episode: 80 Return: 0.0 Steps Taken: 26 Episode#  80 Ends
Percent of episodes finished successfully: 0.0
Percent of episodes finished successfully (last 100 episodes): 0.0
Average number of steps: 36.66
Average number of steps (last 100 episodes): 36.66
Learning policy and Time taken to learn policy =  3.07
StartState in Actual Grid=  24
state in GridPos =  10  Q =  [0. 0. 0. 0.]
states_visited =  [10, 20, 20, 10, 9, 3, 3, 9, 9, 9, 9, 9, 9, 9, 9]
unique states_visited =  {9, 10, 3, 20}  and size  =  4
Applying Actions of Learned policy =  [np.int64(1), np.int64(1), np.int64(0), np.int64(0), np.int64(0), np.int64(2), np.int64(1), np.int64(2), np.int64(2), np.int64(2), np.int64(2), np.int64(2), np.int64(2), np.int64(2), np.int64(2)]  Time taken to extract policy =  1783563432.55
StartState in Actual Grid=  24
Apply policy states_visited =  [10, 20, 20, 10, 9, 3, 3, 9, 9, 9, 9, 9, 9, 9, 9, 9]
Apply policy unique states_visited =  {9, 10, 3, 20}  and size  =  4
Time taken to apply policy =  3.08
 intersectP =  {440, 291, 464}
StartState in env.GridPos=  10
StartState in Actual Grid=  24
Reset applied Successfully 
Learnning policy 
StartState in Actual Grid=  24
Episode: 0 Return: 0.0 Steps Taken: 38 Episode#  0 Ends
Episode: 20 Return: 0.0 Steps Taken: 37 Episode#  20 Ends
Episode: 40 Return: 0.0 Steps Taken: 35 Episode#  40 Ends
Episode: 60 Return: 0.0 Steps Taken: 42 Episode#  60 Ends
Episode: 80 Return: 0.0 Steps Taken: 26 Episode#  80 Ends
Percent of episodes finished successfully: 0.0
Percent of episodes finished successfully (last 100 episodes): 0.0
Average number of steps: 36.66
Average number of steps (last 100 episodes): 36.66
Learning policy and Time taken to learn policy =  2.89
StartState in Actual Grid=  24
state in GridPos =  10  Q =  [0. 0. 0. 0.]
states_visited =  [10, 20, 20, 10, 9, 3, 3, 9, 9, 9, 9, 9, 9, 9, 9]
unique states_visited =  {9, 10, 3, 20}  and size  =  4
Applying Actions of Learned policy =  [np.int64(1), np.int64(1), np.int64(0), np.int64(0), np.int64(0), np.int64(2), np.int64(1), np.int64(2), np.int64(2), np.int64(2), np.int64(2), np.int64(2), np.int64(2), np.int64(2), np.int64(2)]  Time taken to extract policy =  1783563435.64
StartState in Actual Grid=  24
Apply policy states_visited =  [10, 20, 20, 10, 9, 3, 3, 9, 9, 9, 9, 9, 9, 9, 9, 9]
Apply policy unique states_visited =  {9, 10, 3, 20}  and size  =  4
Time taken to apply policy =  2.9
 intersectP =  {4748, 4653, 1049, 219, 479}
stopcount=15: Amazon P=0.182 R=40.00 F=0.363 Hit=0.400  |  MovieLens P=0.586 R=14.80 F=1.122 Hit=0.933  (88s)
StartState in env.GridPos=  32
StartState in Actual Grid=  23
Reset applied Successfully 
Learnning policy 
StartState in Actual Grid=  23
Episode: 0 Return: 0.0 Steps Taken: 40 Episode#  0 Ends
Episode: 20 Return: 0.0 Steps Taken: 44 Episode#  20 Ends
Episode: 40 Return: 0.0 Steps Taken: 45 Episode#  40 Ends
Episode: 60 Return: 0.0 Steps Taken: 50 Episode#  60 Ends
Episode: 80 Return: 0.0 Steps Taken: 45 Episode#  80 Ends
Percent of episodes finished successfully: 0.0
Percent of episodes finished successfully (last 100 episodes): 0.0
Average number of steps: 44.00
Average number of steps (last 100 episodes): 44.00
Learning policy and Time taken to learn policy =  2.61
StartState in Actual Grid=  23
state in GridPos =  32  Q =  [0. 0. 0. 0.]
states_visited =  [32, 33, 32, 27, 32, 26, 32, 32, 27, 32, 33, 35, 34, 31, 27]
unique states_visited =  {32, 33, 34, 35, 26, 27, 31}  and size  =  7
Applying Actions of Learned policy =  [np.int64(1), np.int64(0), np.int64(2), np.int64(3), np.int64(0), np.int64(1), np.int64(3), np.int64(2), np.int64(3), np.int64(1), np.int64(1), np.int64(2), np.int64(0), np.int64(0), np.int64(2)]  Time taken to extract policy =  1783563438.55
StartState in Actual Grid=  23
Apply policy states_visited =  [32, 33, 32, 27, 32, 26, 32, 32, 27, 32, 33, 35, 34, 31, 27, 23]
Apply policy unique states_visited =  {32, 33, 34, 35, 23, 26, 27, 31}  and size  =  8
Time taken to apply policy =  2.61
StartState in env.GridPos=  4
StartState in Actual Grid=  7
Reset applied Successfully 
Learnning policy 
StartState in Actual Grid=  7
Episode: 0 Return: 0.0 Steps Taken: 46 Episode#  0 Ends
Episode: 20 Return: 0.0 Steps Taken: 44 Episode#  20 Ends
Episode: 40 Return: 0.0 Steps Taken: 45 Episode#  40 Ends
Episode: 60 Return: 0.0 Steps Taken: 50 Episode#  60 Ends
Episode: 80 Return: 0.0 Steps Taken: 45 Episode#  80 Ends
Percent of episodes finished successfully: 0.0
Percent of episodes finished successfully (last 100 episodes): 0.0
Average number of steps: 44.00
Average number of steps (last 100 episodes): 44.00
Learning policy and Time taken to learn policy =  2.95
StartState in Actual Grid=  7
state in GridPos =  4  Q =  [0. 0. 0. 0.]
states_visited =  [4, 8, 4, 2, 4, 1, 4, 7, 4, 7, 12, 18, 11, 8, 4]
unique states_visited =  {1, 2, 4, 7, 8, 11, 12, 18}  and size  =  8
Applying Actions of Learned policy =  [np.int64(1), np.int64(0), np.int64(2), np.int64(3), np.int64(0), np.int64(1), np.int64(3), np.int64(2), np.int64(3), np.int64(1), np.int64(1), np.int64(2), np.int64(0), np.int64(0), np.int64(2)]  Time taken to extract policy =  1783563441.17
StartState in Actual Grid=  7
Apply policy states_visited =  [4, 8, 4, 2, 4, 1, 4, 7, 4, 7, 12, 18, 11, 8, 4, 2]
Apply policy unique states_visited =  {1, 2, 4, 7, 8, 11, 12, 18}  and size  =  8
Time taken to apply policy =  2.95
 intersectP =  {702}
StartState in env.GridPos=  1
StartState in Actual Grid=  1
Reset applied Successfully 
Learnning policy 
StartState in Actual Grid=  1
Episode: 0 Return: 0.0 Steps Taken: 46 Episode#  0 Ends
Episode: 20 Return: 0.0 Steps Taken: 44 Episode#  20 Ends
Episode: 40 Return: 0.0 Steps Taken: 45 Episode#  40 Ends
Episode: 60 Return: 0.0 Steps Taken: 50 Episode#  60 Ends
Episode: 80 Return: 0.0 Steps Taken: 45 Episode#  80 Ends
Percent of episodes finished successfully: 0.0
Percent of episodes finished successfully (last 100 episodes): 0.0
Average number of steps: 44.00
Average number of steps (last 100 episodes): 44.00
Learning policy and Time taken to learn policy =  2.83
StartState in Actual Grid=  1
state in GridPos =  1  Q =  [0. 0. 0. 0.]
states_visited =  [1, 4, 1, 0, 1, 1, 4, 7, 4, 7, 12, 18, 11, 8, 4]
unique states_visited =  {0, 1, 4, 7, 8, 11, 12, 18}  and size  =  8
Applying Actions of Learned policy =  [np.int64(1), np.int64(0), np.int64(2), np.int64(3), np.int64(0), np.int64(1), np.int64(3), np.int64(2), np.int64(3), np.int64(1), np.int64(1), np.int64(2), np.int64(0), np.int64(0), np.int64(2)]  Time taken to extract policy =  1783563444.12
StartState in Actual Grid=  1
Apply policy states_visited =  [1, 4, 1, 0, 1, 1, 4, 7, 4, 7, 12, 18, 11, 8, 4, 2]
Apply policy unique states_visited =  {0, 1, 2, 4, 7, 8, 11, 12, 18}  and size  =  9
Time taken to apply policy =  2.83
 intersectP =  {233}
StartState in env.GridPos=  1
StartState in Actual Grid=  1
Reset applied Successfully 
Learnning policy 
StartState in Actual Grid=  1
Episode: 0 Return: 0.0 Steps Taken: 46 Episode#  0 Ends
Episode: 20 Return: 0.0 Steps Taken: 44 Episode#  20 Ends
Episode: 40 Return: 0.0 Steps Taken: 45 Episode#  40 Ends
Episode: 60 Return: 0.0 Steps Taken: 50 Episode#  60 Ends
Episode: 80 Return: 0.0 Steps Taken: 45 Episode#  80 Ends
Percent of episodes finished successfully: 0.0
Percent of episodes finished successfully (last 100 episodes): 0.0
Average number of steps: 44.00
Average number of steps (last 100 episodes): 44.00
Learning policy and Time taken to learn policy =  2.81
StartState in Actual Grid=  1
state in GridPos =  1  Q =  [0. 0. 0. 0.]
states_visited =  [1, 4, 1, 0, 1, 1, 4, 7, 4, 7, 12, 18, 11, 8, 4]
unique states_visited =  {0, 1, 4, 7, 8, 11, 12, 18}  and size  =  8
Applying Actions of Learned policy =  [np.int64(1), np.int64(0), np.int64(2), np.int64(3), np.int64(0), np.int64(1), np.int64(3), np.int64(2), np.int64(3), np.int64(1), np.int64(1), np.int64(2), np.int64(0), np.int64(0), np.int64(2)]  Time taken to extract policy =  1783563446.96
StartState in Actual Grid=  1
Apply policy states_visited =  [1, 4, 1, 0, 1, 1, 4, 7, 4, 7, 12, 18, 11, 8, 4, 2]
Apply policy unique states_visited =  {0, 1, 2, 4, 7, 8, 11, 12, 18}  and size  =  9
Time taken to apply policy =  2.81
 intersectP =  {992}
StartState in env.GridPos=  13
StartState in Actual Grid=  9
Reset applied Successfully 
Learnning policy 
StartState in Actual Grid=  9
Episode: 0 Return: 0.0 Steps Taken: 46 Episode#  0 Ends
Episode: 20 Return: 0.0 Steps Taken: 54 Episode#  20 Ends
Episode: 40 Return: 0.0 Steps Taken: 46 Episode#  40 Ends
Episode: 60 Return: 0.0 Steps Taken: 48 Episode#  60 Ends
Episode: 80 Return: 0.0 Steps Taken: 43 Episode#  80 Ends
Percent of episodes finished successfully: 0.0
Percent of episodes finished successfully (last 100 episodes): 0.0
Average number of steps: 44.50
Average number of steps (last 100 episodes): 44.50
Learning policy and Time taken to learn policy =  2.77
StartState in Actual Grid=  9
state in GridPos =  13  Q =  [0. 0. 0. 0.]
states_visited =  [13, 16, 13, 16, 24, 27, 23, 17, 13, 7, 4, 1, 0, 2, 2]
unique states_visited =  {0, 1, 2, 4, 7, 13, 16, 17, 23, 24, 27}  and size  =  11
Applying Actions of Learned policy =  [np.int64(3), np.int64(2), np.int64(3), np.int64(1), np.int64(1), np.int64(2), np.int64(0), np.int64(0), np.int64(2), np.int64(2), np.int64(0), np.int64(2), np.int64(1), np.int64(2), np.int64(3)]  Time taken to extract policy =  1783563449.78
StartState in Actual Grid=  9
Apply policy states_visited =  [13, 16, 13, 16, 24, 27, 23, 17, 13, 7, 4, 1, 0, 2, 2, 4]
Apply policy unique states_visited =  {0, 1, 2, 4, 7, 13, 16, 17, 23, 24, 27}  and size  =  11
Time taken to apply policy =  2.77
StartState in env.GridPos=  8
StartState in Actual Grid=  13
Reset applied Successfully 
Learnning policy 
StartState in Actual Grid=  13
Episode: 0 Return: 0.0 Steps Taken: 43 Episode#  0 Ends
Episode: 20 Return: 0.0 Steps Taken: 54 Episode#  20 Ends
Episode: 40 Return: 0.0 Steps Taken: 46 Episode#  40 Ends
Episode: 60 Return: 0.0 Steps Taken: 48 Episode#  60 Ends
Episode: 80 Return: 0.0 Steps Taken: 43 Episode#  80 Ends
Percent of episodes finished successfully: 0.0
Percent of episodes finished successfully (last 100 episodes): 0.0
Average number of steps: 44.50
Average number of steps (last 100 episodes): 44.50
Learning policy and Time taken to learn policy =  2.64
StartState in Actual Grid=  13
state in GridPos =  8  Q =  [0. 0. 0. 0.]
states_visited =  [8, 12, 8, 12, 18, 22, 19, 11, 8, 3, 3, 2, 2, 3, 3]
unique states_visited =  {2, 3, 8, 11, 12, 18, 19, 22}  and size  =  8
Applying Actions of Learned policy =  [np.int64(3), np.int64(2), np.int64(3), np.int64(1), np.int64(1), np.int64(2), np.int64(0), np.int64(0), np.int64(2), np.int64(2), np.int64(0), np.int64(2), np.int64(1), np.int64(2), np.int64(3)]  Time taken to extract policy =  1783563452.56
StartState in Actual Grid=  13
Apply policy states_visited =  [8, 12, 8, 12, 18, 22, 19, 11, 8, 3, 3, 2, 2, 3, 3, 8]
Apply policy unique states_visited =  {2, 3, 8, 11, 12, 18, 19, 22}  and size  =  8
Time taken to apply policy =  2.64
StartState in env.GridPos=  2
StartState in Actual Grid=  6
Reset applied Successfully 
Learnning policy 
StartState in Actual Grid=  6
Episode: 0 Return: 0.0 Steps Taken: 45 Episode#  0 Ends
Episode: 20 Return: 0.0 Steps Taken: 54 Episode#  20 Ends
Episode: 40 Return: 0.0 Steps Taken: 46 Episode#  40 Ends
Episode: 60 Return: 0.0 Steps Taken: 48 Episode#  60 Ends
Episode: 80 Return: 0.0 Steps Taken: 43 Episode#  80 Ends
Percent of episodes finished successfully: 0.0
Percent of episodes finished successfully (last 100 episodes): 0.0
Average number of steps: 44.50
Average number of steps (last 100 episodes): 44.50
Learning policy and Time taken to learn policy =  4.63
StartState in Actual Grid=  6
state in GridPos =  2  Q =  [0. 0. 0. 0.]
states_visited =  [2, 4, 2, 4, 8, 11, 9, 3, 2, 2, 2, 0, 0, 2, 2]
unique states_visited =  {0, 2, 3, 4, 8, 9, 11}  and size  =  7
Applying Actions of Learned policy =  [np.int64(3), np.int64(2), np.int64(3), np.int64(1), np.int64(1), np.int64(2), np.int64(0), np.int64(0), np.int64(2), np.int64(2), np.int64(0), np.int64(2), np.int64(1), np.int64(2), np.int64(3)]  Time taken to extract policy =  1783563455.21
StartState in Actual Grid=  6
Apply policy states_visited =  [2, 4, 2, 4, 8, 11, 9, 3, 2, 2, 2, 0, 0, 2, 2, 4]
Apply policy unique states_visited =  {0, 2, 3, 4, 8, 9, 11}  and size  =  7
Time taken to apply policy =  4.64
 intersectP =  {841, 99}
StartState in env.GridPos=  24
StartState in Actual Grid=  16
Reset applied Successfully 
Learnning policy 
StartState in Actual Grid=  16
Episode: 0 Return: 0.0 Steps Taken: 45 Episode#  0 Ends
Episode: 20 Return: 0.0 Steps Taken: 54 Episode#  20 Ends
Episode: 40 Return: 0.0 Steps Taken: 46 Episode#  40 Ends
Episode: 60 Return: 0.0 Steps Taken: 48 Episode#  60 Ends
Episode: 80 Return: 0.0 Steps Taken: 43 Episode#  80 Ends
Percent of episodes finished successfully: 0.0
Percent of episodes finished successfully (last 100 episodes): 0.0
Average number of steps: 44.50
Average number of steps (last 100 episodes): 44.50
Learning policy and Time taken to learn policy =  3.61
StartState in Actual Grid=  16
state in GridPos =  24  Q =  [0. 0. 0. 0.]
states_visited =  [24, 26, 24, 26, 32, 33, 31, 27, 24, 17, 12, 7, 4, 8, 3]
unique states_visited =  {32, 33, 3, 4, 7, 8, 12, 17, 24, 26, 27, 31}  and size  =  12
Applying Actions of Learned policy =  [np.int64(3), np.int64(2), np.int64(3), np.int64(1), np.int64(1), np.int64(2), np.int64(0), np.int64(0), np.int64(2), np.int64(2), np.int64(0), np.int64(2), np.int64(1), np.int64(2), np.int64(3)]  Time taken to extract policy =  1783563459.85
StartState in Actual Grid=  16
Apply policy states_visited =  [24, 26, 24, 26, 32, 33, 31, 27, 24, 17, 12, 7, 4, 8, 3, 8]
Apply policy unique states_visited =  {32, 33, 3, 4, 7, 8, 12, 17, 24, 26, 27, 31}  and size  =  12
Time taken to apply policy =  3.61
StartState in env.GridPos=  13
StartState in Actual Grid=  9
Reset applied Successfully 
Learnning policy 
StartState in Actual Grid=  9
Episode: 0 Return: 0.0 Steps Taken: 46 Episode#  0 Ends
Episode: 20 Return: 0.0 Steps Taken: 54 Episode#  20 Ends
Episode: 40 Return: 0.0 Steps Taken: 46 Episode#  40 Ends
Episode: 60 Return: 0.0 Steps Taken: 48 Episode#  60 Ends
Episode: 80 Return: 0.0 Steps Taken: 43 Episode#  80 Ends
Percent of episodes finished successfully: 0.0
Percent of episodes finished successfully (last 100 episodes): 0.0
Average number of steps: 44.50
Average number of steps (last 100 episodes): 44.50
Learning policy and Time taken to learn policy =  3.41
StartState in Actual Grid=  9
state in GridPos =  13  Q =  [0. 0. 0. 0.]
states_visited =  [13, 16, 13, 16, 24, 27, 23, 17, 13, 7, 4, 1, 0, 2, 2]
unique states_visited =  {0, 1, 2, 4, 7, 13, 16, 17, 23, 24, 27}  and size  =  11
Applying Actions of Learned policy =  [np.int64(3), np.int64(2), np.int64(3), np.int64(1), np.int64(1), np.int64(2), np.int64(0), np.int64(0), np.int64(2), np.int64(2), np.int64(0), np.int64(2), np.int64(1), np.int64(2), np.int64(3)]  Time taken to extract policy =  1783563463.47
StartState in Actual Grid=  9
Apply policy states_visited =  [13, 16, 13, 16, 24, 27, 23, 17, 13, 7, 4, 1, 0, 2, 2, 4]
Apply policy unique states_visited =  {0, 1, 2, 4, 7, 13, 16, 17, 23, 24, 27}  and size  =  11
Time taken to apply policy =  3.41
StartState in env.GridPos=  4
StartState in Actual Grid=  7
Reset applied Successfully 
Learnning policy 
StartState in Actual Grid=  7
Episode: 0 Return: 0.0 Steps Taken: 46 Episode#  0 Ends
Episode: 20 Return: 0.0 Steps Taken: 44 Episode#  20 Ends
Episode: 40 Return: 0.0 Steps Taken: 45 Episode#  40 Ends
Episode: 60 Return: 0.0 Steps Taken: 50 Episode#  60 Ends
Episode: 80 Return: 0.0 Steps Taken: 45 Episode#  80 Ends
Percent of episodes finished successfully: 0.0
Percent of episodes finished successfully (last 100 episodes): 0.0
Average number of steps: 44.00
Average number of steps (last 100 episodes): 44.00
Learning policy and Time taken to learn policy =  2.74
StartState in Actual Grid=  7
state in GridPos =  4  Q =  [0. 0. 0. 0.]
states_visited =  [4, 8, 4, 2, 4, 1, 4, 7, 4, 7, 12, 18, 11, 8, 4]
unique states_visited =  {1, 2, 4, 7, 8, 11, 12, 18}  and size  =  8
Applying Actions of Learned policy =  [np.int64(1), np.int64(0), np.int64(2), np.int64(3), np.int64(0), np.int64(1), np.int64(3), np.int64(2), np.int64(3), np.int64(1), np.int64(1), np.int64(2), np.int64(0), np.int64(0), np.int64(2)]  Time taken to extract policy =  1783563466.9
StartState in Actual Grid=  7
Apply policy states_visited =  [4, 8, 4, 2, 4, 1, 4, 7, 4, 7, 12, 18, 11, 8, 4, 2]
Apply policy unique states_visited =  {1, 2, 4, 7, 8, 11, 12, 18}  and size  =  8
Time taken to apply policy =  2.74
 intersectP =  {1309}
StartState in env.GridPos=  24
StartState in Actual Grid=  16
Reset applied Successfully 
Learnning policy 
StartState in Actual Grid=  16
Episode: 0 Return: 0.0 Steps Taken: 45 Episode#  0 Ends
Episode: 20 Return: 0.0 Steps Taken: 54 Episode#  20 Ends
Episode: 40 Return: 0.0 Steps Taken: 46 Episode#  40 Ends
Episode: 60 Return: 0.0 Steps Taken: 48 Episode#  60 Ends
Episode: 80 Return: 0.0 Steps Taken: 43 Episode#  80 Ends
Percent of episodes finished successfully: 0.0
Percent of episodes finished successfully (last 100 episodes): 0.0
Average number of steps: 44.50
Average number of steps (last 100 episodes): 44.50
Learning policy and Time taken to learn policy =  2.76
StartState in Actual Grid=  16
state in GridPos =  24  Q =  [0. 0. 0. 0.]
states_visited =  [24, 26, 24, 26, 32, 33, 31, 27, 24, 17, 12, 7, 4, 8, 3]
unique states_visited =  {32, 33, 3, 4, 7, 8, 12, 17, 24, 26, 27, 31}  and size  =  12
Applying Actions of Learned policy =  [np.int64(3), np.int64(2), np.int64(3), np.int64(1), np.int64(1), np.int64(2), np.int64(0), np.int64(0), np.int64(2), np.int64(2), np.int64(0), np.int64(2), np.int64(1), np.int64(2), np.int64(3)]  Time taken to extract policy =  1783563469.65
StartState in Actual Grid=  16
Apply policy states_visited =  [24, 26, 24, 26, 32, 33, 31, 27, 24, 17, 12, 7, 4, 8, 3, 8]
Apply policy unique states_visited =  {32, 33, 3, 4, 7, 8, 12, 17, 24, 26, 27, 31}  and size  =  12
Time taken to apply policy =  2.76
StartState in env.GridPos=  13
StartState in Actual Grid=  9
Reset applied Successfully 
Learnning policy 
StartState in Actual Grid=  9
Episode: 0 Return: 0.0 Steps Taken: 46 Episode#  0 Ends
Episode: 20 Return: 0.0 Steps Taken: 54 Episode#  20 Ends
Episode: 40 Return: 0.0 Steps Taken: 46 Episode#  40 Ends
Episode: 60 Return: 0.0 Steps Taken: 48 Episode#  60 Ends
Episode: 80 Return: 0.0 Steps Taken: 43 Episode#  80 Ends
Percent of episodes finished successfully: 0.0
Percent of episodes finished successfully (last 100 episodes): 0.0
Average number of steps: 44.50
Average number of steps (last 100 episodes): 44.50
Learning policy and Time taken to learn policy =  2.87
StartState in Actual Grid=  9
state in GridPos =  13  Q =  [0. 0. 0. 0.]
states_visited =  [13, 16, 13, 16, 24, 27, 23, 17, 13, 7, 4, 1, 0, 2, 2]
unique states_visited =  {0, 1, 2, 4, 7, 13, 16, 17, 23, 24, 27}  and size  =  11
Applying Actions of Learned policy =  [np.int64(3), np.int64(2), np.int64(3), np.int64(1), np.int64(1), np.int64(2), np.int64(0), np.int64(0), np.int64(2), np.int64(2), np.int64(0), np.int64(2), np.int64(1), np.int64(2), np.int64(3)]  Time taken to extract policy =  1783563472.41
StartState in Actual Grid=  9
Apply policy states_visited =  [13, 16, 13, 16, 24, 27, 23, 17, 13, 7, 4, 1, 0, 2, 2, 4]
Apply policy unique states_visited =  {0, 1, 2, 4, 7, 13, 16, 17, 23, 24, 27}  and size  =  11
Time taken to apply policy =  2.87
StartState in env.GridPos=  1
StartState in Actual Grid=  1
Reset applied Successfully 
Learnning policy 
StartState in Actual Grid=  1
Episode: 0 Return: 0.0 Steps Taken: 46 Episode#  0 Ends
Episode: 20 Return: 0.0 Steps Taken: 44 Episode#  20 Ends
Episode: 40 Return: 0.0 Steps Taken: 45 Episode#  40 Ends
Episode: 60 Return: 0.0 Steps Taken: 50 Episode#  60 Ends
Episode: 80 Return: 0.0 Steps Taken: 45 Episode#  80 Ends
Percent of episodes finished successfully: 0.0
Percent of episodes finished successfully (last 100 episodes): 0.0
Average number of steps: 44.00
Average number of steps (last 100 episodes): 44.00
Learning policy and Time taken to learn policy =  2.62
StartState in Actual Grid=  1
state in GridPos =  1  Q =  [0. 0. 0. 0.]
states_visited =  [1, 4, 1, 0, 1, 1, 4, 7, 4, 7, 12, 18, 11, 8, 4]
unique states_visited =  {0, 1, 4, 7, 8, 11, 12, 18}  and size  =  8
Applying Actions of Learned policy =  [np.int64(1), np.int64(0), np.int64(2), np.int64(3), np.int64(0), np.int64(1), np.int64(3), np.int64(2), np.int64(3), np.int64(1), np.int64(1), np.int64(2), np.int64(0), np.int64(0), np.int64(2)]  Time taken to extract policy =  1783563475.28
StartState in Actual Grid=  1
Apply policy states_visited =  [1, 4, 1, 0, 1, 1, 4, 7, 4, 7, 12, 18, 11, 8, 4, 2]
Apply policy unique states_visited =  {0, 1, 2, 4, 7, 8, 11, 12, 18}  and size  =  9
Time taken to apply policy =  2.63
 intersectP =  {136, 283}
StartState in env.GridPos=  25
StartState in Actual Grid=  11
Reset applied Successfully 
Learnning policy 
StartState in Actual Grid=  11
Episode: 0 Return: 0.0 Steps Taken: 42 Episode#  0 Ends
Episode: 20 Return: 0.0 Steps Taken: 44 Episode#  20 Ends
Episode: 40 Return: 0.0 Steps Taken: 45 Episode#  40 Ends
Episode: 60 Return: 0.0 Steps Taken: 50 Episode#  60 Ends
Episode: 80 Return: 0.0 Steps Taken: 45 Episode#  80 Ends
Percent of episodes finished successfully: 0.0
Percent of episodes finished successfully (last 100 episodes): 0.0
Average number of steps: 44.00
Average number of steps (last 100 episodes): 44.00
Learning policy and Time taken to learn policy =  2.74
StartState in Actual Grid=  11
state in GridPos =  25  Q =  [0. 0. 0. 0.]
states_visited =  [25, 26, 25, 16, 25, 15, 25, 25, 16, 25, 26, 32, 27, 24, 16]
unique states_visited =  {32, 15, 16, 24, 25, 26, 27}  and size  =  7
Applying Actions of Learned policy =  [np.int64(1), np.int64(0), np.int64(2), np.int64(3), np.int64(0), np.int64(1), np.int64(3), np.int64(2), np.int64(3), np.int64(1), np.int64(1), np.int64(2), np.int64(0), np.int64(0), np.int64(2)]  Time taken to extract policy =  1783563477.92
StartState in Actual Grid=  11
Apply policy states_visited =  [25, 26, 25, 16, 25, 15, 25, 25, 16, 25, 26, 32, 27, 24, 16, 13]
Apply policy unique states_visited =  {32, 13, 15, 16, 24, 25, 26, 27}  and size  =  8
Time taken to apply policy =  2.75
StartState in env.GridPos=  6
StartState in Actual Grid=  3
Reset applied Successfully 
Learnning policy 
StartState in Actual Grid=  3
Episode: 0 Return: 0.0 Steps Taken: 46 Episode#  0 Ends
Episode: 20 Return: 0.0 Steps Taken: 54 Episode#  20 Ends
Episode: 40 Return: 0.0 Steps Taken: 46 Episode#  40 Ends
Episode: 60 Return: 0.0 Steps Taken: 48 Episode#  60 Ends
Episode: 80 Return: 0.0 Steps Taken: 43 Episode#  80 Ends
Percent of episodes finished successfully: 0.0
Percent of episodes finished successfully (last 100 episodes): 0.0
Average number of steps: 44.50
Average number of steps (last 100 episodes): 44.50
Learning policy and Time taken to learn policy =  2.81
StartState in Actual Grid=  3
state in GridPos =  6  Q =  [0. 0. 0. 0.]
states_visited =  [6, 14, 6, 14, 16, 24, 17, 13, 6, 5, 1, 1, 0, 2, 2]
unique states_visited =  {0, 1, 2, 5, 6, 13, 14, 16, 17, 24}  and size  =  10
Applying Actions of Learned policy =  [np.int64(3), np.int64(2), np.int64(3), np.int64(1), np.int64(1), np.int64(2), np.int64(0), np.int64(0), np.int64(2), np.int64(2), np.int64(0), np.int64(2), np.int64(1), np.int64(2), np.int64(3)]  Time taken to extract policy =  1783563480.68
StartState in Actual Grid=  3
Apply policy states_visited =  [6, 14, 6, 14, 16, 24, 17, 13, 6, 5, 1, 1, 0, 2, 2, 4]
Apply policy unique states_visited =  {0, 1, 2, 4, 5, 6, 13, 14, 16, 17, 24}  and size  =  11
Time taken to apply policy =  2.81
StartState in env.GridPos=  26
StartState in Actual Grid=  17
Reset applied Successfully 
Learnning policy 
StartState in Actual Grid=  17
Episode: 0 Return: 0.0 Steps Taken: 40 Episode#  0 Ends
Episode: 20 Return: 0.0 Steps Taken: 44 Episode#  20 Ends
Episode: 40 Return: 0.0 Steps Taken: 45 Episode#  40 Ends
Episode: 60 Return: 0.0 Steps Taken: 50 Episode#  60 Ends
Episode: 80 Return: 0.0 Steps Taken: 45 Episode#  80 Ends
Percent of episodes finished successfully: 0.0
Percent of episodes finished successfully (last 100 episodes): 0.0
Average number of steps: 44.00
Average number of steps (last 100 episodes): 44.00
Learning policy and Time taken to learn policy =  4.35
StartState in Actual Grid=  17
state in GridPos =  26  Q =  [0. 0. 0. 0.]
states_visited =  [26, 32, 26, 24, 26, 25, 26, 26, 24, 26, 32, 33, 31, 27, 24]
unique states_visited =  {32, 33, 24, 25, 26, 27, 31}  and size  =  7
Applying Actions of Learned policy =  [np.int64(1), np.int64(0), np.int64(2), np.int64(3), np.int64(0), np.int64(1), np.int64(3), np.int64(2), np.int64(3), np.int64(1), np.int64(1), np.int64(2), np.int64(0), np.int64(0), np.int64(2)]  Time taken to extract policy =  1783563483.5
StartState in Actual Grid=  17
Apply policy states_visited =  [26, 32, 26, 24, 26, 25, 26, 26, 24, 26, 32, 33, 31, 27, 24, 17]
Apply policy unique states_visited =  {32, 33, 17, 24, 25, 26, 27, 31}  and size  =  8
Time taken to apply policy =  4.35
 intersectP =  {768, 3394, 1508, 553, 302, 3343, 2706, 498, 1267, 565, 636, 3391}
StartState in env.GridPos=  10
StartState in Actual Grid=  24
Reset applied Successfully 
Learnning policy 
StartState in Actual Grid=  24
Episode: 0 Return: 0.0 Steps Taken: 44 Episode#  0 Ends
Episode: 20 Return: 0.0 Steps Taken: 54 Episode#  20 Ends
Episode: 40 Return: 0.0 Steps Taken: 46 Episode#  40 Ends
Episode: 60 Return: 0.0 Steps Taken: 48 Episode#  60 Ends
Episode: 80 Return: 0.0 Steps Taken: 43 Episode#  80 Ends
Percent of episodes finished successfully: 0.0
Percent of episodes finished successfully (last 100 episodes): 0.0
Average number of steps: 44.50
Average number of steps (last 100 episodes): 44.50
Learning policy and Time taken to learn policy =  4.31
StartState in Actual Grid=  24
state in GridPos =  10  Q =  [0. 0. 0. 0.]
states_visited =  [10, 19, 10, 19, 21, 21, 20, 10, 9, 9, 9, 3, 3, 9, 9]
unique states_visited =  {3, 9, 10, 19, 20, 21}  and size  =  6
Applying Actions of Learned policy =  [np.int64(3), np.int64(2), np.int64(3), np.int64(1), np.int64(1), np.int64(2), np.int64(0), np.int64(0), np.int64(2), np.int64(2), np.int64(0), np.int64(2), np.int64(1), np.int64(2), np.int64(3)]  Time taken to extract policy =  1783563487.86
StartState in Actual Grid=  24
Apply policy states_visited =  [10, 19, 10, 19, 21, 21, 20, 10, 9, 9, 9, 3, 3, 9, 9, 11]
Apply policy unique states_visited =  {3, 9, 10, 11, 19, 20, 21}  and size  =  7
Time taken to apply policy =  4.32
 intersectP =  {3303, 1544, 3219, 1753, 3482, 479}
StartState in env.GridPos=  10
StartState in Actual Grid=  24
Reset applied Successfully 
Learnning policy 
StartState in Actual Grid=  24
Episode: 0 Return: 0.0 Steps Taken: 44 Episode#  0 Ends
Episode: 20 Return: 0.0 Steps Taken: 54 Episode#  20 Ends
Episode: 40 Return: 0.0 Steps Taken: 46 Episode#  40 Ends
Episode: 60 Return: 0.0 Steps Taken: 48 Episode#  60 Ends
Episode: 80 Return: 0.0 Steps Taken: 43 Episode#  80 Ends
Percent of episodes finished successfully: 0.0
Percent of episodes finished successfully (last 100 episodes): 0.0
Average number of steps: 44.50
Average number of steps (last 100 episodes): 44.50
Learning policy and Time taken to learn policy =  3.69
StartState in Actual Grid=  24
state in GridPos =  10  Q =  [0. 0. 0. 0.]
states_visited =  [10, 19, 10, 19, 21, 21, 20, 10, 9, 9, 9, 3, 3, 9, 9]
unique states_visited =  {3, 9, 10, 19, 20, 21}  and size  =  6
Applying Actions of Learned policy =  [np.int64(3), np.int64(2), np.int64(3), np.int64(1), np.int64(1), np.int64(2), np.int64(0), np.int64(0), np.int64(2), np.int64(2), np.int64(0), np.int64(2), np.int64(1), np.int64(2), np.int64(3)]  Time taken to extract policy =  1783563492.2
StartState in Actual Grid=  24
Apply policy states_visited =  [10, 19, 10, 19, 21, 21, 20, 10, 9, 9, 9, 3, 3, 9, 9, 11]
Apply policy unique states_visited =  {3, 9, 10, 11, 19, 20, 21}  and size  =  7
Time taken to apply policy =  3.7
 intersectP =  {3107, 764, 807, 3017, 747, 812, 659, 725, 726, 2294, 3064, 2295, 828, 4253}
StartState in env.GridPos=  10
StartState in Actual Grid=  24
Reset applied Successfully 
Learnning policy 
StartState in Actual Grid=  24
Episode: 0 Return: 0.0 Steps Taken: 44 Episode#  0 Ends
Episode: 20 Return: 0.0 Steps Taken: 54 Episode#  20 Ends
Episode: 40 Return: 0.0 Steps Taken: 46 Episode#  40 Ends
Episode: 60 Return: 0.0 Steps Taken: 48 Episode#  60 Ends
Episode: 80 Return: 0.0 Steps Taken: 43 Episode#  80 Ends
Percent of episodes finished successfully: 0.0
Percent of episodes finished successfully (last 100 episodes): 0.0
Average number of steps: 44.50
Average number of steps (last 100 episodes): 44.50
Learning policy and Time taken to learn policy =  4.35
StartState in Actual Grid=  24
state in GridPos =  10  Q =  [0. 0. 0. 0.]
states_visited =  [10, 19, 10, 19, 21, 21, 20, 10, 9, 9, 9, 3, 3, 9, 9]
unique states_visited =  {3, 9, 10, 19, 20, 21}  and size  =  6
Applying Actions of Learned policy =  [np.int64(3), np.int64(2), np.int64(3), np.int64(1), np.int64(1), np.int64(2), np.int64(0), np.int64(0), np.int64(2), np.int64(2), np.int64(0), np.int64(2), np.int64(1), np.int64(2), np.int64(3)]  Time taken to extract policy =  1783563495.91
StartState in Actual Grid=  24
Apply policy states_visited =  [10, 19, 10, 19, 21, 21, 20, 10, 9, 9, 9, 3, 3, 9, 9, 11]
Apply policy unique states_visited =  {3, 9, 10, 11, 19, 20, 21}  and size  =  7
Time taken to apply policy =  4.36
 intersectP =  {387, 4362, 7028, 7029, 629, 861, 1151}
StartState in env.GridPos=  16
StartState in Actual Grid=  10
Reset applied Successfully 
Learnning policy 
StartState in Actual Grid=  10
Episode: 0 Return: 0.0 Steps Taken: 44 Episode#  0 Ends
Episode: 20 Return: 0.0 Steps Taken: 44 Episode#  20 Ends
Episode: 40 Return: 0.0 Steps Taken: 45 Episode#  40 Ends
Episode: 60 Return: 0.0 Steps Taken: 50 Episode#  60 Ends
Episode: 80 Return: 0.0 Steps Taken: 45 Episode#  80 Ends
Percent of episodes finished successfully: 0.0
Percent of episodes finished successfully (last 100 episodes): 0.0
Average number of steps: 44.00
Average number of steps (last 100 episodes): 44.00
Learning policy and Time taken to learn policy =  4.11
StartState in Actual Grid=  10
state in GridPos =  16  Q =  [0. 0. 0. 0.]
states_visited =  [16, 24, 16, 13, 16, 14, 16, 25, 16, 25, 26, 32, 27, 24, 16]
unique states_visited =  {32, 13, 14, 16, 24, 25, 26, 27}  and size  =  8
Applying Actions of Learned policy =  [np.int64(1), np.int64(0), np.int64(2), np.int64(3), np.int64(0), np.int64(1), np.int64(3), np.int64(2), np.int64(3), np.int64(1), np.int64(1), np.int64(2), np.int64(0), np.int64(0), np.int64(2)]  Time taken to extract policy =  1783563500.28
StartState in Actual Grid=  10
Apply policy states_visited =  [16, 24, 16, 13, 16, 14, 16, 25, 16, 25, 26, 32, 27, 24, 16, 13]
Apply policy unique states_visited =  {32, 13, 14, 16, 24, 25, 26, 27}  and size  =  8
Time taken to apply policy =  4.12
 intersectP =  {1551, 1812, 30, 415, 299, 1837, 1329, 180, 565, 5942, 2231, 1598, 577, 198, 1865, 1866, 1868, 1361, 93, 1759, 481, 483, 106, 365, 497, 123, 637, 638, 127}
StartState in env.GridPos=  10
StartState in Actual Grid=  24
Reset applied Successfully 
Learnning policy 
StartState in Actual Grid=  24
Episode: 0 Return: 0.0 Steps Taken: 44 Episode#  0 Ends
Episode: 20 Return: 0.0 Steps Taken: 54 Episode#  20 Ends
Episode: 40 Return: 0.0 Steps Taken: 46 Episode#  40 Ends
Episode: 60 Return: 0.0 Steps Taken: 48 Episode#  60 Ends
Episode: 80 Return: 0.0 Steps Taken: 43 Episode#  80 Ends
Percent of episodes finished successfully: 0.0
Percent of episodes finished successfully (last 100 episodes): 0.0
Average number of steps: 44.50
Average number of steps (last 100 episodes): 44.50
Learning policy and Time taken to learn policy =  4.46
StartState in Actual Grid=  24
state in GridPos =  10  Q =  [0. 0. 0. 0.]
states_visited =  [10, 19, 10, 19, 21, 21, 20, 10, 9, 9, 9, 3, 3, 9, 9]
unique states_visited =  {3, 9, 10, 19, 20, 21}  and size  =  6
Applying Actions of Learned policy =  [np.int64(3), np.int64(2), np.int64(3), np.int64(1), np.int64(1), np.int64(2), np.int64(0), np.int64(0), np.int64(2), np.int64(2), np.int64(0), np.int64(2), np.int64(1), np.int64(2), np.int64(3)]  Time taken to extract policy =  1783563504.43
StartState in Actual Grid=  24
Apply policy states_visited =  [10, 19, 10, 19, 21, 21, 20, 10, 9, 9, 9, 3, 3, 9, 9, 11]
Apply policy unique states_visited =  {3, 9, 10, 11, 19, 20, 21}  and size  =  7
Time taken to apply policy =  4.47
 intersectP =  {640, 1015, 739, 464}
StartState in env.GridPos=  10
StartState in Actual Grid=  24
Reset applied Successfully 
Learnning policy 
StartState in Actual Grid=  24
Episode: 0 Return: 0.0 Steps Taken: 44 Episode#  0 Ends
Episode: 20 Return: 0.0 Steps Taken: 54 Episode#  20 Ends
Episode: 40 Return: 0.0 Steps Taken: 46 Episode#  40 Ends
Episode: 60 Return: 0.0 Steps Taken: 48 Episode#  60 Ends
Episode: 80 Return: 0.0 Steps Taken: 43 Episode#  80 Ends
Percent of episodes finished successfully: 0.0
Percent of episodes finished successfully (last 100 episodes): 0.0
Average number of steps: 44.50
Average number of steps (last 100 episodes): 44.50
Learning policy and Time taken to learn policy =  3.86
StartState in Actual Grid=  24
state in GridPos =  10  Q =  [0. 0. 0. 0.]
states_visited =  [10, 19, 10, 19, 21, 21, 20, 10, 9, 9, 9, 3, 3, 9, 9]
unique states_visited =  {3, 9, 10, 19, 20, 21}  and size  =  6
Applying Actions of Learned policy =  [np.int64(3), np.int64(2), np.int64(3), np.int64(1), np.int64(1), np.int64(2), np.int64(0), np.int64(0), np.int64(2), np.int64(2), np.int64(0), np.int64(2), np.int64(1), np.int64(2), np.int64(3)]  Time taken to extract policy =  1783563508.92
StartState in Actual Grid=  24
Apply policy states_visited =  [10, 19, 10, 19, 21, 21, 20, 10, 9, 9, 9, 3, 3, 9, 9, 11]
Apply policy unique states_visited =  {3, 9, 10, 11, 19, 20, 21}  and size  =  7
Time taken to apply policy =  3.87
 intersectP =  {1593, 1851, 1758}
StartState in env.GridPos=  10
StartState in Actual Grid=  24
Reset applied Successfully 
Learnning policy 
StartState in Actual Grid=  24
Episode: 0 Return: 0.0 Steps Taken: 44 Episode#  0 Ends
Episode: 20 Return: 0.0 Steps Taken: 54 Episode#  20 Ends
Episode: 40 Return: 0.0 Steps Taken: 46 Episode#  40 Ends
Episode: 60 Return: 0.0 Steps Taken: 48 Episode#  60 Ends
Episode: 80 Return: 0.0 Steps Taken: 43 Episode#  80 Ends
Percent of episodes finished successfully: 0.0
Percent of episodes finished successfully (last 100 episodes): 0.0
Average number of steps: 44.50
Average number of steps (last 100 episodes): 44.50
Learning policy and Time taken to learn policy =  4.7
StartState in Actual Grid=  24
state in GridPos =  10  Q =  [0. 0. 0. 0.]
states_visited =  [10, 19, 10, 19, 21, 21, 20, 10, 9, 9, 9, 3, 3, 9, 9]
unique states_visited =  {3, 9, 10, 19, 20, 21}  and size  =  6
Applying Actions of Learned policy =  [np.int64(3), np.int64(2), np.int64(3), np.int64(1), np.int64(1), np.int64(2), np.int64(0), np.int64(0), np.int64(2), np.int64(2), np.int64(0), np.int64(2), np.int64(1), np.int64(2), np.int64(3)]  Time taken to extract policy =  1783563512.8
StartState in Actual Grid=  24
Apply policy states_visited =  [10, 19, 10, 19, 21, 21, 20, 10, 9, 9, 9, 3, 3, 9, 9, 11]
Apply policy unique states_visited =  {3, 9, 10, 11, 19, 20, 21}  and size  =  7
Time taken to apply policy =  4.72
 intersectP =  {32, 673, 34, 2530, 676, 421, 423, 651, 46, 2065, 658, 6868, 3381}
StartState in env.GridPos=  10
StartState in Actual Grid=  24
Reset applied Successfully 
Learnning policy 
StartState in Actual Grid=  24
Episode: 0 Return: 0.0 Steps Taken: 44 Episode#  0 Ends
Episode: 20 Return: 0.0 Steps Taken: 54 Episode#  20 Ends
Episode: 40 Return: 0.0 Steps Taken: 46 Episode#  40 Ends
Episode: 60 Return: 0.0 Steps Taken: 48 Episode#  60 Ends
Episode: 80 Return: 0.0 Steps Taken: 43 Episode#  80 Ends
Percent of episodes finished successfully: 0.0
Percent of episodes finished successfully (last 100 episodes): 0.0
Average number of steps: 44.50
Average number of steps (last 100 episodes): 44.50
Learning policy and Time taken to learn policy =  4.74
StartState in Actual Grid=  24
state in GridPos =  10  Q =  [0. 0. 0. 0.]
states_visited =  [10, 19, 10, 19, 21, 21, 20, 10, 9, 9, 9, 3, 3, 9, 9]
unique states_visited =  {3, 9, 10, 19, 20, 21}  and size  =  6
Applying Actions of Learned policy =  [np.int64(3), np.int64(2), np.int64(3), np.int64(1), np.int64(1), np.int64(2), np.int64(0), np.int64(0), np.int64(2), np.int64(2), np.int64(0), np.int64(2), np.int64(1), np.int64(2), np.int64(3)]  Time taken to extract policy =  1783563517.55
StartState in Actual Grid=  24
Apply policy states_visited =  [10, 19, 10, 19, 21, 21, 20, 10, 9, 9, 9, 3, 3, 9, 9, 11]
Apply policy unique states_visited =  {3, 9, 10, 11, 19, 20, 21}  and size  =  7
Time taken to apply policy =  4.75
 intersectP =  {676, 904, 72, 714, 717, 720, 828, 3005}
StartState in env.GridPos=  10
StartState in Actual Grid=  24
Reset applied Successfully 
Learnning policy 
StartState in Actual Grid=  24
Episode: 0 Return: 0.0 Steps Taken: 44 Episode#  0 Ends
Episode: 20 Return: 0.0 Steps Taken: 54 Episode#  20 Ends
Episode: 40 Return: 0.0 Steps Taken: 46 Episode#  40 Ends
Episode: 60 Return: 0.0 Steps Taken: 48 Episode#  60 Ends
Episode: 80 Return: 0.0 Steps Taken: 43 Episode#  80 Ends
Percent of episodes finished successfully: 0.0
Percent of episodes finished successfully (last 100 episodes): 0.0
Average number of steps: 44.50
Average number of steps (last 100 episodes): 44.50
Learning policy and Time taken to learn policy =  3.9
StartState in Actual Grid=  24
state in GridPos =  10  Q =  [0. 0. 0. 0.]
states_visited =  [10, 19, 10, 19, 21, 21, 20, 10, 9, 9, 9, 3, 3, 9, 9]
unique states_visited =  {3, 9, 10, 19, 20, 21}  and size  =  6
Applying Actions of Learned policy =  [np.int64(3), np.int64(2), np.int64(3), np.int64(1), np.int64(1), np.int64(2), np.int64(0), np.int64(0), np.int64(2), np.int64(2), np.int64(0), np.int64(2), np.int64(1), np.int64(2), np.int64(3)]  Time taken to extract policy =  1783563522.31
StartState in Actual Grid=  24
Apply policy states_visited =  [10, 19, 10, 19, 21, 21, 20, 10, 9, 9, 9, 3, 3, 9, 9, 11]
Apply policy unique states_visited =  {3, 9, 10, 11, 19, 20, 21}  and size  =  7
Time taken to apply policy =  3.91
StartState in env.GridPos=  21
StartState in Actual Grid=  31
Reset applied Successfully 
Learnning policy 
StartState in Actual Grid=  31
Episode: 0 Return: 0.0 Steps Taken: 43 Episode#  0 Ends
Episode: 20 Return: 0.0 Steps Taken: 54 Episode#  20 Ends
Episode: 40 Return: 0.0 Steps Taken: 46 Episode#  40 Ends
Episode: 60 Return: 0.0 Steps Taken: 48 Episode#  60 Ends
Episode: 80 Return: 0.0 Steps Taken: 43 Episode#  80 Ends
Percent of episodes finished successfully: 0.0
Percent of episodes finished successfully (last 100 episodes): 0.0
Average number of steps: 44.50
Average number of steps (last 100 episodes): 44.50
Learning policy and Time taken to learn policy =  4.29
StartState in Actual Grid=  31
state in GridPos =  21  Q =  [0. 0. 0. 0.]
states_visited =  [21, 29, 21, 29, 29, 29, 21, 19, 11, 9, 9, 3, 3, 9, 9]
unique states_visited =  {3, 9, 11, 19, 21, 29}  and size  =  6
Applying Actions of Learned policy =  [np.int64(3), np.int64(2), np.int64(3), np.int64(1), np.int64(1), np.int64(2), np.int64(0), np.int64(0), np.int64(2), np.int64(2), np.int64(0), np.int64(2), np.int64(1), np.int64(2), np.int64(3)]  Time taken to extract policy =  1783563526.23
StartState in Actual Grid=  31
Apply policy states_visited =  [21, 29, 21, 29, 29, 29, 21, 19, 11, 9, 9, 3, 3, 9, 9, 11]
Apply policy unique states_visited =  {3, 9, 11, 19, 21, 29}  and size  =  6
Time taken to apply policy =  4.3
 intersectP =  {2312, 6505, 6504}
StartState in env.GridPos=  10
StartState in Actual Grid=  24
Reset applied Successfully 
Learnning policy 
StartState in Actual Grid=  24
Episode: 0 Return: 0.0 Steps Taken: 44 Episode#  0 Ends
Episode: 20 Return: 0.0 Steps Taken: 54 Episode#  20 Ends
Episode: 40 Return: 0.0 Steps Taken: 46 Episode#  40 Ends
Episode: 60 Return: 0.0 Steps Taken: 48 Episode#  60 Ends
Episode: 80 Return: 0.0 Steps Taken: 43 Episode#  80 Ends
Percent of episodes finished successfully: 0.0
Percent of episodes finished successfully (last 100 episodes): 0.0
Average number of steps: 44.50
Average number of steps (last 100 episodes): 44.50
Learning policy and Time taken to learn policy =  3.79
StartState in Actual Grid=  24
state in GridPos =  10  Q =  [0. 0. 0. 0.]
states_visited =  [10, 19, 10, 19, 21, 21, 20, 10, 9, 9, 9, 3, 3, 9, 9]
unique states_visited =  {3, 9, 10, 19, 20, 21}  and size  =  6
Applying Actions of Learned policy =  [np.int64(3), np.int64(2), np.int64(3), np.int64(1), np.int64(1), np.int64(2), np.int64(0), np.int64(0), np.int64(2), np.int64(2), np.int64(0), np.int64(2), np.int64(1), np.int64(2), np.int64(3)]  Time taken to extract policy =  1783563530.55
StartState in Actual Grid=  24
Apply policy states_visited =  [10, 19, 10, 19, 21, 21, 20, 10, 9, 9, 9, 3, 3, 9, 9, 11]
Apply policy unique states_visited =  {3, 9, 10, 11, 19, 20, 21}  and size  =  7
Time taken to apply policy =  3.79
 intersectP =  {1021, 4082, 189}
StartState in env.GridPos=  10
StartState in Actual Grid=  24
Reset applied Successfully 
Learnning policy 
StartState in Actual Grid=  24
Episode: 0 Return: 0.0 Steps Taken: 44 Episode#  0 Ends
Episode: 20 Return: 0.0 Steps Taken: 54 Episode#  20 Ends
Episode: 40 Return: 0.0 Steps Taken: 46 Episode#  40 Ends
Episode: 60 Return: 0.0 Steps Taken: 48 Episode#  60 Ends
Episode: 80 Return: 0.0 Steps Taken: 43 Episode#  80 Ends
Percent of episodes finished successfully: 0.0
Percent of episodes finished successfully (last 100 episodes): 0.0
Average number of steps: 44.50
Average number of steps (last 100 episodes): 44.50
Learning policy and Time taken to learn policy =  3.56
StartState in Actual Grid=  24
state in GridPos =  10  Q =  [0. 0. 0. 0.]
states_visited =  [10, 19, 10, 19, 21, 21, 20, 10, 9, 9, 9, 3, 3, 9, 9]
unique states_visited =  {3, 9, 10, 19, 20, 21}  and size  =  6
Applying Actions of Learned policy =  [np.int64(3), np.int64(2), np.int64(3), np.int64(1), np.int64(1), np.int64(2), np.int64(0), np.int64(0), np.int64(2), np.int64(2), np.int64(0), np.int64(2), np.int64(1), np.int64(2), np.int64(3)]  Time taken to extract policy =  1783563534.36
StartState in Actual Grid=  24
Apply policy states_visited =  [10, 19, 10, 19, 21, 21, 20, 10, 9, 9, 9, 3, 3, 9, 9, 11]
Apply policy unique states_visited =  {3, 9, 10, 11, 19, 20, 21}  and size  =  7
Time taken to apply policy =  3.56
 intersectP =  {184, 3403}
StartState in env.GridPos=  10
StartState in Actual Grid=  24
Reset applied Successfully 
Learnning policy 
StartState in Actual Grid=  24
Episode: 0 Return: 0.0 Steps Taken: 44 Episode#  0 Ends
Episode: 20 Return: 0.0 Steps Taken: 54 Episode#  20 Ends
Episode: 40 Return: 0.0 Steps Taken: 46 Episode#  40 Ends
Episode: 60 Return: 0.0 Steps Taken: 48 Episode#  60 Ends
Episode: 80 Return: 0.0 Steps Taken: 43 Episode#  80 Ends
Percent of episodes finished successfully: 0.0
Percent of episodes finished successfully (last 100 episodes): 0.0
Average number of steps: 44.50
Average number of steps (last 100 episodes): 44.50
Learning policy and Time taken to learn policy =  3.92
StartState in Actual Grid=  24
state in GridPos =  10  Q =  [0. 0. 0. 0.]
states_visited =  [10, 19, 10, 19, 21, 21, 20, 10, 9, 9, 9, 3, 3, 9, 9]
unique states_visited =  {3, 9, 10, 19, 20, 21}  and size  =  6
Applying Actions of Learned policy =  [np.int64(3), np.int64(2), np.int64(3), np.int64(1), np.int64(1), np.int64(2), np.int64(0), np.int64(0), np.int64(2), np.int64(2), np.int64(0), np.int64(2), np.int64(1), np.int64(2), np.int64(3)]  Time taken to extract policy =  1783563537.93
StartState in Actual Grid=  24
Apply policy states_visited =  [10, 19, 10, 19, 21, 21, 20, 10, 9, 9, 9, 3, 3, 9, 9, 11]
Apply policy unique states_visited =  {3, 9, 10, 11, 19, 20, 21}  and size  =  7
Time taken to apply policy =  3.93
 intersectP =  {440, 291, 464}
StartState in env.GridPos=  10
StartState in Actual Grid=  24
Reset applied Successfully 
Learnning policy 
StartState in Actual Grid=  24
Episode: 0 Return: 0.0 Steps Taken: 44 Episode#  0 Ends
Episode: 20 Return: 0.0 Steps Taken: 54 Episode#  20 Ends
Episode: 40 Return: 0.0 Steps Taken: 46 Episode#  40 Ends
Episode: 60 Return: 0.0 Steps Taken: 48 Episode#  60 Ends
Episode: 80 Return: 0.0 Steps Taken: 43 Episode#  80 Ends
Percent of episodes finished successfully: 0.0
Percent of episodes finished successfully (last 100 episodes): 0.0
Average number of steps: 44.50
Average number of steps (last 100 episodes): 44.50
Learning policy and Time taken to learn policy =  4.68
StartState in Actual Grid=  24
state in GridPos =  10  Q =  [0. 0. 0. 0.]
states_visited =  [10, 19, 10, 19, 21, 21, 20, 10, 9, 9, 9, 3, 3, 9, 9]
unique states_visited =  {3, 9, 10, 19, 20, 21}  and size  =  6
Applying Actions of Learned policy =  [np.int64(3), np.int64(2), np.int64(3), np.int64(1), np.int64(1), np.int64(2), np.int64(0), np.int64(0), np.int64(2), np.int64(2), np.int64(0), np.int64(2), np.int64(1), np.int64(2), np.int64(3)]  Time taken to extract policy =  1783563541.87
StartState in Actual Grid=  24
Apply policy states_visited =  [10, 19, 10, 19, 21, 21, 20, 10, 9, 9, 9, 3, 3, 9, 9, 11]
Apply policy unique states_visited =  {3, 9, 10, 11, 19, 20, 21}  and size  =  7
Time taken to apply policy =  4.7
 intersectP =  {4748, 4653, 1049, 219, 479}
stopcount=20: Amazon P=0.100 R=40.00 F=0.199 Hit=0.400  |  MovieLens P=0.480 R=16.20 F=0.931 Hit=0.933  (108s)
StartState in env.GridPos=  32
StartState in Actual Grid=  23
Reset applied Successfully 
Learnning policy 
StartState in Actual Grid=  23
Episode: 0 Return: 0.0 Steps Taken: 53 Episode#  0 Ends
Episode: 20 Return: 0.0 Steps Taken: 54 Episode#  20 Ends
Episode: 40 Return: 0.0 Steps Taken: 58 Episode#  40 Ends
Episode: 60 Return: 0.0 Steps Taken: 55 Episode#  60 Ends
Episode: 80 Return: 0.0 Steps Taken: 58 Episode#  80 Ends
Percent of episodes finished successfully: 0.0
Percent of episodes finished successfully (last 100 episodes): 0.0
Average number of steps: 56.89
Average number of steps (last 100 episodes): 56.89
Learning policy and Time taken to learn policy =  4.55
StartState in Actual Grid=  23
state in GridPos =  32  Q =  [0. 0. 0. 0.]
states_visited =  [32, 33, 33, 33, 31, 28, 30, 28, 23, 28, 30, 28, 30, 28, 22]
unique states_visited =  {32, 33, 22, 23, 28, 30, 31}  and size  =  7
Applying Actions of Learned policy =  [np.int64(1), np.int64(3), np.int64(3), np.int64(2), np.int64(2), np.int64(1), np.int64(0), np.int64(0), np.int64(1), np.int64(1), np.int64(0), np.int64(1), np.int64(0), np.int64(2), np.int64(3)]  Time taken to extract policy =  1783563546.58
StartState in Actual Grid=  23
Apply policy states_visited =  [32, 33, 33, 33, 31, 28, 30, 28, 23, 28, 30, 28, 30, 28, 22, 28]
Apply policy unique states_visited =  {32, 33, 22, 23, 28, 30, 31}  and size  =  7
Time taken to apply policy =  4.55
StartState in env.GridPos=  4
StartState in Actual Grid=  7
Reset applied Successfully 
Learnning policy 
StartState in Actual Grid=  7
Episode: 0 Return: 0.0 Steps Taken: 60 Episode#  0 Ends
Episode: 20 Return: 0.0 Steps Taken: 56 Episode#  20 Ends
Episode: 40 Return: 0.0 Steps Taken: 56 Episode#  40 Ends
Episode: 60 Return: 0.0 Steps Taken: 43 Episode#  60 Ends
Episode: 80 Return: 0.0 Steps Taken: 51 Episode#  80 Ends
Percent of episodes finished successfully: 0.0
Percent of episodes finished successfully (last 100 episodes): 0.0
Average number of steps: 56.99
Average number of steps (last 100 episodes): 56.99
Learning policy and Time taken to learn policy =  3.57
StartState in Actual Grid=  7
state in GridPos =  4  Q =  [0. 0. 0. 0.]
states_visited =  [4, 7, 13, 7, 4, 8, 4, 1, 4, 8, 4, 8, 4, 2, 4]
unique states_visited =  {1, 2, 4, 7, 8, 13}  and size  =  6
Applying Actions of Learned policy =  [np.int64(3), np.int64(3), np.int64(2), np.int64(2), np.int64(1), np.int64(0), np.int64(0), np.int64(1), np.int64(1), np.int64(0), np.int64(1), np.int64(0), np.int64(2), np.int64(3), np.int64(2)]  Time taken to extract policy =  1783563551.14
StartState in Actual Grid=  7
Apply policy states_visited =  [4, 7, 13, 7, 4, 8, 4, 1, 4, 8, 4, 8, 4, 2, 4, 2]
Apply policy unique states_visited =  {1, 2, 4, 7, 8, 13}  and size  =  6
Time taken to apply policy =  3.58
 intersectP =  {702}
StartState in env.GridPos=  1
StartState in Actual Grid=  1
Reset applied Successfully 
Learnning policy 
StartState in Actual Grid=  1
Episode: 0 Return: 0.0 Steps Taken: 60 Episode#  0 Ends
Episode: 20 Return: 0.0 Steps Taken: 56 Episode#  20 Ends
Episode: 40 Return: 0.0 Steps Taken: 56 Episode#  40 Ends
Episode: 60 Return: 0.0 Steps Taken: 43 Episode#  60 Ends
Episode: 80 Return: 0.0 Steps Taken: 51 Episode#  80 Ends
Percent of episodes finished successfully: 0.0
Percent of episodes finished successfully (last 100 episodes): 0.0
Average number of steps: 56.99
Average number of steps (last 100 episodes): 56.99
Learning policy and Time taken to learn policy =  4.03
StartState in Actual Grid=  1
state in GridPos =  1  Q =  [0. 0. 0. 0.]
states_visited =  [1, 5, 6, 5, 1, 4, 1, 1, 4, 8, 4, 8, 4, 2, 4]
unique states_visited =  {1, 2, 4, 5, 6, 8}  and size  =  6
Applying Actions of Learned policy =  [np.int64(3), np.int64(3), np.int64(2), np.int64(2), np.int64(1), np.int64(0), np.int64(0), np.int64(1), np.int64(1), np.int64(0), np.int64(1), np.int64(0), np.int64(2), np.int64(3), np.int64(2)]  Time taken to extract policy =  1783563554.72
StartState in Actual Grid=  1
Apply policy states_visited =  [1, 5, 6, 5, 1, 4, 1, 1, 4, 8, 4, 8, 4, 2, 4, 2]
Apply policy unique states_visited =  {1, 2, 4, 5, 6, 8}  and size  =  6
Time taken to apply policy =  4.04
 intersectP =  {233}
StartState in env.GridPos=  1
StartState in Actual Grid=  1
Reset applied Successfully 
Learnning policy 
StartState in Actual Grid=  1
Episode: 0 Return: 0.0 Steps Taken: 60 Episode#  0 Ends
Episode: 20 Return: 0.0 Steps Taken: 56 Episode#  20 Ends
Episode: 40 Return: 0.0 Steps Taken: 56 Episode#  40 Ends
Episode: 60 Return: 0.0 Steps Taken: 43 Episode#  60 Ends
Episode: 80 Return: 0.0 Steps Taken: 51 Episode#  80 Ends
Percent of episodes finished successfully: 0.0
Percent of episodes finished successfully (last 100 episodes): 0.0
Average number of steps: 56.99
Average number of steps (last 100 episodes): 56.99
Learning policy and Time taken to learn policy =  4.03
StartState in Actual Grid=  1
state in GridPos =  1  Q =  [0. 0. 0. 0.]
states_visited =  [1, 5, 6, 5, 1, 4, 1, 1, 4, 8, 4, 8, 4, 2, 4]
unique states_visited =  {1, 2, 4, 5, 6, 8}  and size  =  6
Applying Actions of Learned policy =  [np.int64(3), np.int64(3), np.int64(2), np.int64(2), np.int64(1), np.int64(0), np.int64(0), np.int64(1), np.int64(1), np.int64(0), np.int64(1), np.int64(0), np.int64(2), np.int64(3), np.int64(2)]  Time taken to extract policy =  1783563558.76
StartState in Actual Grid=  1
Apply policy states_visited =  [1, 5, 6, 5, 1, 4, 1, 1, 4, 8, 4, 8, 4, 2, 4, 2]
Apply policy unique states_visited =  {1, 2, 4, 5, 6, 8}  and size  =  6
Time taken to apply policy =  4.03
 intersectP =  {992}
StartState in env.GridPos=  13
StartState in Actual Grid=  9
Reset applied Successfully 
Learnning policy 
StartState in Actual Grid=  9
Episode: 0 Return: 0.0 Steps Taken: 58 Episode#  0 Ends
Episode: 20 Return: 0.0 Steps Taken: 56 Episode#  20 Ends
Episode: 40 Return: 0.0 Steps Taken: 56 Episode#  40 Ends
Episode: 60 Return: 0.0 Steps Taken: 43 Episode#  60 Ends
Episode: 80 Return: 0.0 Steps Taken: 51 Episode#  80 Ends
Percent of episodes finished successfully: 0.0
Percent of episodes finished successfully (last 100 episodes): 0.0
Average number of steps: 56.99
Average number of steps (last 100 episodes): 56.99
Learning policy and Time taken to learn policy =  3.19
StartState in Actual Grid=  9
state in GridPos =  13  Q =  [0. 0. 0. 0.]
states_visited =  [13, 16, 25, 16, 13, 17, 13, 6, 13, 17, 13, 17, 13, 7, 13]
unique states_visited =  {6, 7, 13, 16, 17, 25}  and size  =  6
Applying Actions of Learned policy =  [np.int64(3), np.int64(3), np.int64(2), np.int64(2), np.int64(1), np.int64(0), np.int64(0), np.int64(1), np.int64(1), np.int64(0), np.int64(1), np.int64(0), np.int64(2), np.int64(3), np.int64(2)]  Time taken to extract policy =  1783563562.8
StartState in Actual Grid=  9
Apply policy states_visited =  [13, 16, 25, 16, 13, 17, 13, 6, 13, 17, 13, 17, 13, 7, 13, 7]
Apply policy unique states_visited =  {6, 7, 13, 16, 17, 25}  and size  =  6
Time taken to apply policy =  3.19
StartState in env.GridPos=  8
StartState in Actual Grid=  13
Reset applied Successfully 
Learnning policy 
StartState in Actual Grid=  13
Episode: 0 Return: 0.0 Steps Taken: 53 Episode#  0 Ends
Episode: 20 Return: 0.0 Steps Taken: 54 Episode#  20 Ends
Episode: 40 Return: 0.0 Steps Taken: 58 Episode#  40 Ends
Episode: 60 Return: 0.0 Steps Taken: 55 Episode#  60 Ends
Episode: 80 Return: 0.0 Steps Taken: 58 Episode#  80 Ends
Percent of episodes finished successfully: 0.0
Percent of episodes finished successfully (last 100 episodes): 0.0
Average number of steps: 56.89
Average number of steps (last 100 episodes): 56.89
Learning policy and Time taken to learn policy =  3.14
StartState in Actual Grid=  13
state in GridPos =  8  Q =  [0. 0. 0. 0.]
states_visited =  [8, 11, 18, 23, 18, 11, 19, 11, 8, 11, 19, 11, 19, 11, 9]
unique states_visited =  {8, 9, 11, 18, 19, 23}  and size  =  6
Applying Actions of Learned policy =  [np.int64(1), np.int64(3), np.int64(3), np.int64(2), np.int64(2), np.int64(1), np.int64(0), np.int64(0), np.int64(1), np.int64(1), np.int64(0), np.int64(1), np.int64(0), np.int64(2), np.int64(3)]  Time taken to extract policy =  1783563566.0
StartState in Actual Grid=  13
Apply policy states_visited =  [8, 11, 18, 23, 18, 11, 19, 11, 8, 11, 19, 11, 19, 11, 9, 11]
Apply policy unique states_visited =  {8, 9, 11, 18, 19, 23}  and size  =  6
Time taken to apply policy =  3.15
 intersectP =  {295}
StartState in env.GridPos=  2
StartState in Actual Grid=  6
Reset applied Successfully 
Learnning policy 
StartState in Actual Grid=  6
Episode: 0 Return: 0.0 Steps Taken: 56 Episode#  0 Ends
Episode: 20 Return: 0.0 Steps Taken: 55 Episode#  20 Ends
Episode: 40 Return: 0.0 Steps Taken: 56 Episode#  40 Ends
Episode: 60 Return: 0.0 Steps Taken: 43 Episode#  60 Ends
Episode: 80 Return: 0.0 Steps Taken: 51 Episode#  80 Ends
Percent of episodes finished successfully: 0.0
Percent of episodes finished successfully (last 100 episodes): 0.0
Average number of steps: 56.99
Average number of steps (last 100 episodes): 56.99
Learning policy and Time taken to learn policy =  4.53
StartState in Actual Grid=  6
state in GridPos =  2  Q =  [0. 0. 0. 0.]
states_visited =  [2, 4, 7, 4, 2, 3, 2, 0, 2, 3, 2, 3, 2, 2, 4]
unique states_visited =  {0, 2, 3, 4, 7}  and size  =  5
Applying Actions of Learned policy =  [np.int64(3), np.int64(3), np.int64(2), np.int64(2), np.int64(1), np.int64(0), np.int64(0), np.int64(1), np.int64(1), np.int64(0), np.int64(1), np.int64(0), np.int64(2), np.int64(3), np.int64(2)]  Time taken to extract policy =  1783563569.15
StartState in Actual Grid=  6
Apply policy states_visited =  [2, 4, 7, 4, 2, 3, 2, 0, 2, 3, 2, 3, 2, 2, 4, 2]
Apply policy unique states_visited =  {0, 2, 3, 4, 7}  and size  =  5
Time taken to apply policy =  4.53
 intersectP =  {841, 99}
StartState in env.GridPos=  24
StartState in Actual Grid=  16
Reset applied Successfully 
Learnning policy 
StartState in Actual Grid=  16
Episode: 0 Return: 0.0 Steps Taken: 58 Episode#  0 Ends
Episode: 20 Return: 0.0 Steps Taken: 56 Episode#  20 Ends
Episode: 40 Return: 0.0 Steps Taken: 56 Episode#  40 Ends
Episode: 60 Return: 0.0 Steps Taken: 43 Episode#  60 Ends
Episode: 80 Return: 0.0 Steps Taken: 51 Episode#  80 Ends
Percent of episodes finished successfully: 0.0
Percent of episodes finished successfully (last 100 episodes): 0.0
Average number of steps: 56.99
Average number of steps (last 100 episodes): 56.99
Learning policy and Time taken to learn policy =  3.31
StartState in Actual Grid=  16
state in GridPos =  24  Q =  [0. 0. 0. 0.]
states_visited =  [24, 26, 26, 24, 17, 23, 17, 13, 17, 23, 17, 23, 17, 12, 17]
unique states_visited =  {12, 13, 17, 23, 24, 26}  and size  =  6
Applying Actions of Learned policy =  [np.int64(3), np.int64(3), np.int64(2), np.int64(2), np.int64(1), np.int64(0), np.int64(0), np.int64(1), np.int64(1), np.int64(0), np.int64(1), np.int64(0), np.int64(2), np.int64(3), np.int64(2)]  Time taken to extract policy =  1783563573.68
StartState in Actual Grid=  16
Apply policy states_visited =  [24, 26, 26, 24, 17, 23, 17, 13, 17, 23, 17, 23, 17, 12, 17, 12]
Apply policy unique states_visited =  {12, 13, 17, 23, 24, 26}  and size  =  6
Time taken to apply policy =  3.31
StartState in env.GridPos=  13
StartState in Actual Grid=  9
Reset applied Successfully 
Learnning policy 
StartState in Actual Grid=  9
Episode: 0 Return: 0.0 Steps Taken: 58 Episode#  0 Ends
Episode: 20 Return: 0.0 Steps Taken: 56 Episode#  20 Ends
Episode: 40 Return: 0.0 Steps Taken: 56 Episode#  40 Ends
Episode: 60 Return: 0.0 Steps Taken: 43 Episode#  60 Ends
Episode: 80 Return: 0.0 Steps Taken: 51 Episode#  80 Ends
Percent of episodes finished successfully: 0.0
Percent of episodes finished successfully (last 100 episodes): 0.0
Average number of steps: 56.99
Average number of steps (last 100 episodes): 56.99
Learning policy and Time taken to learn policy =  3.71
StartState in Actual Grid=  9
state in GridPos =  13  Q =  [0. 0. 0. 0.]
states_visited =  [13, 16, 25, 16, 13, 17, 13, 6, 13, 17, 13, 17, 13, 7, 13]
unique states_visited =  {6, 7, 13, 16, 17, 25}  and size  =  6
Applying Actions of Learned policy =  [np.int64(3), np.int64(3), np.int64(2), np.int64(2), np.int64(1), np.int64(0), np.int64(0), np.int64(1), np.int64(1), np.int64(0), np.int64(1), np.int64(0), np.int64(2), np.int64(3), np.int64(2)]  Time taken to extract policy =  1783563577.0
StartState in Actual Grid=  9
Apply policy states_visited =  [13, 16, 25, 16, 13, 17, 13, 6, 13, 17, 13, 17, 13, 7, 13, 7]
Apply policy unique states_visited =  {6, 7, 13, 16, 17, 25}  and size  =  6
Time taken to apply policy =  3.71
StartState in env.GridPos=  4
StartState in Actual Grid=  7
Reset applied Successfully 
Learnning policy 
StartState in Actual Grid=  7
Episode: 0 Return: 0.0 Steps Taken: 60 Episode#  0 Ends
Episode: 20 Return: 0.0 Steps Taken: 56 Episode#  20 Ends
Episode: 40 Return: 0.0 Steps Taken: 56 Episode#  40 Ends
Episode: 60 Return: 0.0 Steps Taken: 43 Episode#  60 Ends
Episode: 80 Return: 0.0 Steps Taken: 51 Episode#  80 Ends
Percent of episodes finished successfully: 0.0
Percent of episodes finished successfully (last 100 episodes): 0.0
Average number of steps: 56.99
Average number of steps (last 100 episodes): 56.99
Learning policy and Time taken to learn policy =  3.26
StartState in Actual Grid=  7
state in GridPos =  4  Q =  [0. 0. 0. 0.]
states_visited =  [4, 7, 13, 7, 4, 8, 4, 1, 4, 8, 4, 8, 4, 2, 4]
unique states_visited =  {1, 2, 4, 7, 8, 13}  and size  =  6
Applying Actions of Learned policy =  [np.int64(3), np.int64(3), np.int64(2), np.int64(2), np.int64(1), np.int64(0), np.int64(0), np.int64(1), np.int64(1), np.int64(0), np.int64(1), np.int64(0), np.int64(2), np.int64(3), np.int64(2)]  Time taken to extract policy =  1783563580.72
StartState in Actual Grid=  7
Apply policy states_visited =  [4, 7, 13, 7, 4, 8, 4, 1, 4, 8, 4, 8, 4, 2, 4, 2]
Apply policy unique states_visited =  {1, 2, 4, 7, 8, 13}  and size  =  6
Time taken to apply policy =  3.26
 intersectP =  {1309}
StartState in env.GridPos=  24
StartState in Actual Grid=  16
Reset applied Successfully 
Learnning policy 
StartState in Actual Grid=  16
Episode: 0 Return: 0.0 Steps Taken: 58 Episode#  0 Ends
Episode: 20 Return: 0.0 Steps Taken: 56 Episode#  20 Ends
Episode: 40 Return: 0.0 Steps Taken: 56 Episode#  40 Ends
Episode: 60 Return: 0.0 Steps Taken: 43 Episode#  60 Ends
Episode: 80 Return: 0.0 Steps Taken: 51 Episode#  80 Ends
Percent of episodes finished successfully: 0.0
Percent of episodes finished successfully (last 100 episodes): 0.0
Average number of steps: 56.99
Average number of steps (last 100 episodes): 56.99
Learning policy and Time taken to learn policy =  3.38
StartState in Actual Grid=  16
state in GridPos =  24  Q =  [0. 0. 0. 0.]
states_visited =  [24, 26, 26, 24, 17, 23, 17, 13, 17, 23, 17, 23, 17, 12, 17]
unique states_visited =  {12, 13, 17, 23, 24, 26}  and size  =  6
Applying Actions of Learned policy =  [np.int64(3), np.int64(3), np.int64(2), np.int64(2), np.int64(1), np.int64(0), np.int64(0), np.int64(1), np.int64(1), np.int64(0), np.int64(1), np.int64(0), np.int64(2), np.int64(3), np.int64(2)]  Time taken to extract policy =  1783563583.98
StartState in Actual Grid=  16
Apply policy states_visited =  [24, 26, 26, 24, 17, 23, 17, 13, 17, 23, 17, 23, 17, 12, 17, 12]
Apply policy unique states_visited =  {12, 13, 17, 23, 24, 26}  and size  =  6
Time taken to apply policy =  3.38
StartState in env.GridPos=  13
StartState in Actual Grid=  9
Reset applied Successfully 
Learnning policy 
StartState in Actual Grid=  9
Episode: 0 Return: 0.0 Steps Taken: 58 Episode#  0 Ends
Episode: 20 Return: 0.0 Steps Taken: 56 Episode#  20 Ends
Episode: 40 Return: 0.0 Steps Taken: 56 Episode#  40 Ends
Episode: 60 Return: 0.0 Steps Taken: 43 Episode#  60 Ends
Episode: 80 Return: 0.0 Steps Taken: 51 Episode#  80 Ends
Percent of episodes finished successfully: 0.0
Percent of episodes finished successfully (last 100 episodes): 0.0
Average number of steps: 56.99
Average number of steps (last 100 episodes): 56.99
Learning policy and Time taken to learn policy =  3.45
StartState in Actual Grid=  9
state in GridPos =  13  Q =  [0. 0. 0. 0.]
states_visited =  [13, 16, 25, 16, 13, 17, 13, 6, 13, 17, 13, 17, 13, 7, 13]
unique states_visited =  {6, 7, 13, 16, 17, 25}  and size  =  6
Applying Actions of Learned policy =  [np.int64(3), np.int64(3), np.int64(2), np.int64(2), np.int64(1), np.int64(0), np.int64(0), np.int64(1), np.int64(1), np.int64(0), np.int64(1), np.int64(0), np.int64(2), np.int64(3), np.int64(2)]  Time taken to extract policy =  1783563587.37
StartState in Actual Grid=  9
Apply policy states_visited =  [13, 16, 25, 16, 13, 17, 13, 6, 13, 17, 13, 17, 13, 7, 13, 7]
Apply policy unique states_visited =  {6, 7, 13, 16, 17, 25}  and size  =  6
Time taken to apply policy =  3.45
StartState in env.GridPos=  1
StartState in Actual Grid=  1
Reset applied Successfully 
Learnning policy 
StartState in Actual Grid=  1
Episode: 0 Return: 0.0 Steps Taken: 60 Episode#  0 Ends
Episode: 20 Return: 0.0 Steps Taken: 56 Episode#  20 Ends
Episode: 40 Return: 0.0 Steps Taken: 56 Episode#  40 Ends
Episode: 60 Return: 0.0 Steps Taken: 43 Episode#  60 Ends
Episode: 80 Return: 0.0 Steps Taken: 51 Episode#  80 Ends
Percent of episodes finished successfully: 0.0
Percent of episodes finished successfully (last 100 episodes): 0.0
Average number of steps: 56.99
Average number of steps (last 100 episodes): 56.99
Learning policy and Time taken to learn policy =  3.3
StartState in Actual Grid=  1
state in GridPos =  1  Q =  [0. 0. 0. 0.]
states_visited =  [1, 5, 6, 5, 1, 4, 1, 1, 4, 8, 4, 8, 4, 2, 4]
unique states_visited =  {1, 2, 4, 5, 6, 8}  and size  =  6
Applying Actions of Learned policy =  [np.int64(3), np.int64(3), np.int64(2), np.int64(2), np.int64(1), np.int64(0), np.int64(0), np.int64(1), np.int64(1), np.int64(0), np.int64(1), np.int64(0), np.int64(2), np.int64(3), np.int64(2)]  Time taken to extract policy =  1783563590.82
StartState in Actual Grid=  1
Apply policy states_visited =  [1, 5, 6, 5, 1, 4, 1, 1, 4, 8, 4, 8, 4, 2, 4, 2]
Apply policy unique states_visited =  {1, 2, 4, 5, 6, 8}  and size  =  6
Time taken to apply policy =  3.31
 intersectP =  {136, 283}
StartState in env.GridPos=  25
StartState in Actual Grid=  11
Reset applied Successfully 
Learnning policy 
StartState in Actual Grid=  11
Episode: 0 Return: 0.0 Steps Taken: 53 Episode#  0 Ends
Episode: 20 Return: 0.0 Steps Taken: 54 Episode#  20 Ends
Episode: 40 Return: 0.0 Steps Taken: 58 Episode#  40 Ends
Episode: 60 Return: 0.0 Steps Taken: 55 Episode#  60 Ends
Episode: 80 Return: 0.0 Steps Taken: 58 Episode#  80 Ends
Percent of episodes finished successfully: 0.0
Percent of episodes finished successfully (last 100 episodes): 0.0
Average number of steps: 56.89
Average number of steps (last 100 episodes): 56.89
Learning policy and Time taken to learn policy =  2.84
StartState in Actual Grid=  11
state in GridPos =  25  Q =  [0. 0. 0. 0.]
states_visited =  [25, 26, 26, 26, 24, 17, 23, 17, 13, 17, 23, 17, 23, 17, 12]
unique states_visited =  {12, 13, 17, 23, 24, 25, 26}  and size  =  7
Applying Actions of Learned policy =  [np.int64(1), np.int64(3), np.int64(3), np.int64(2), np.int64(2), np.int64(1), np.int64(0), np.int64(0), np.int64(1), np.int64(1), np.int64(0), np.int64(1), np.int64(0), np.int64(2), np.int64(3)]  Time taken to extract policy =  1783563594.14
StartState in Actual Grid=  11
Apply policy states_visited =  [25, 26, 26, 26, 24, 17, 23, 17, 13, 17, 23, 17, 23, 17, 12, 17]
Apply policy unique states_visited =  {12, 13, 17, 23, 24, 25, 26}  and size  =  7
Time taken to apply policy =  2.84
StartState in env.GridPos=  6
StartState in Actual Grid=  3
Reset applied Successfully 
Learnning policy 
StartState in Actual Grid=  3
Episode: 0 Return: 0.0 Steps Taken: 58 Episode#  0 Ends
Episode: 20 Return: 0.0 Steps Taken: 56 Episode#  20 Ends
Episode: 40 Return: 0.0 Steps Taken: 56 Episode#  40 Ends
Episode: 60 Return: 0.0 Steps Taken: 43 Episode#  60 Ends
Episode: 80 Return: 0.0 Steps Taken: 51 Episode#  80 Ends
Percent of episodes finished successfully: 0.0
Percent of episodes finished successfully (last 100 episodes): 0.0
Average number of steps: 56.99
Average number of steps (last 100 episodes): 56.99
Learning policy and Time taken to learn policy =  2.91
StartState in Actual Grid=  3
state in GridPos =  6  Q =  [0. 0. 0. 0.]
states_visited =  [6, 14, 15, 14, 6, 13, 6, 6, 13, 17, 13, 17, 13, 7, 13]
unique states_visited =  {6, 7, 13, 14, 15, 17}  and size  =  6
Applying Actions of Learned policy =  [np.int64(3), np.int64(3), np.int64(2), np.int64(2), np.int64(1), np.int64(0), np.int64(0), np.int64(1), np.int64(1), np.int64(0), np.int64(1), np.int64(0), np.int64(2), np.int64(3), np.int64(2)]  Time taken to extract policy =  1783563596.99
StartState in Actual Grid=  3
Apply policy states_visited =  [6, 14, 15, 14, 6, 13, 6, 6, 13, 17, 13, 17, 13, 7, 13, 7]
Apply policy unique states_visited =  {6, 7, 13, 14, 15, 17}  and size  =  6
Time taken to apply policy =  2.91
StartState in env.GridPos=  26
StartState in Actual Grid=  17
Reset applied Successfully 
Learnning policy 
StartState in Actual Grid=  17
Episode: 0 Return: 0.0 Steps Taken: 54 Episode#  0 Ends
Episode: 20 Return: 0.0 Steps Taken: 54 Episode#  20 Ends
Episode: 40 Return: 0.0 Steps Taken: 58 Episode#  40 Ends
Episode: 60 Return: 0.0 Steps Taken: 55 Episode#  60 Ends
Episode: 80 Return: 0.0 Steps Taken: 58 Episode#  80 Ends
Percent of episodes finished successfully: 0.0
Percent of episodes finished successfully (last 100 episodes): 0.0
Average number of steps: 56.89
Average number of steps (last 100 episodes): 56.89
Learning policy and Time taken to learn policy =  4.05
StartState in Actual Grid=  17
state in GridPos =  26  Q =  [0. 0. 0. 0.]
states_visited =  [26, 32, 32, 32, 27, 23, 28, 23, 17, 23, 28, 23, 28, 23, 18]
unique states_visited =  {32, 17, 18, 23, 26, 27, 28}  and size  =  7
Applying Actions of Learned policy =  [np.int64(1), np.int64(3), np.int64(3), np.int64(2), np.int64(2), np.int64(1), np.int64(0), np.int64(0), np.int64(1), np.int64(1), np.int64(0), np.int64(1), np.int64(0), np.int64(2), np.int64(3)]  Time taken to extract policy =  1783563599.91
StartState in Actual Grid=  17
Apply policy states_visited =  [26, 32, 32, 32, 27, 23, 28, 23, 17, 23, 28, 23, 28, 23, 18, 23]
Apply policy unique states_visited =  {32, 17, 18, 23, 26, 27, 28}  and size  =  7
Time taken to apply policy =  4.05
 intersectP =  {768, 3394, 3396, 488, 553, 1038, 636}
StartState in env.GridPos=  10
StartState in Actual Grid=  24
Reset applied Successfully 
Learnning policy 
StartState in Actual Grid=  24
Episode: 0 Return: 0.0 Steps Taken: 54 Episode#  0 Ends
Episode: 20 Return: 0.0 Steps Taken: 54 Episode#  20 Ends
Episode: 40 Return: 0.0 Steps Taken: 58 Episode#  40 Ends
Episode: 60 Return: 0.0 Steps Taken: 55 Episode#  60 Ends
Episode: 80 Return: 0.0 Steps Taken: 58 Episode#  80 Ends
Percent of episodes finished successfully: 0.0
Percent of episodes finished successfully (last 100 episodes): 0.0
Average number of steps: 56.89
Average number of steps (last 100 episodes): 56.89
Learning policy and Time taken to learn policy =  4.35
StartState in Actual Grid=  24
state in GridPos =  10  Q =  [0. 0. 0. 0.]
states_visited =  [10, 20, 21, 29, 21, 20, 20, 10, 9, 10, 20, 10, 20, 10, 10]
unique states_visited =  {9, 10, 20, 21, 29}  and size  =  5
Applying Actions of Learned policy =  [np.int64(1), np.int64(3), np.int64(3), np.int64(2), np.int64(2), np.int64(1), np.int64(0), np.int64(0), np.int64(1), np.int64(1), np.int64(0), np.int64(1), np.int64(0), np.int64(2), np.int64(3)]  Time taken to extract policy =  1783563603.98
StartState in Actual Grid=  24
Apply policy states_visited =  [10, 20, 21, 29, 21, 20, 20, 10, 9, 10, 20, 10, 20, 10, 10, 19]
Apply policy unique states_visited =  {9, 10, 19, 20, 21, 29}  and size  =  6
Time taken to apply policy =  4.35
 intersectP =  {1544, 1753, 3482, 3303}
StartState in env.GridPos=  10
StartState in Actual Grid=  24
Reset applied Successfully 
Learnning policy 
StartState in Actual Grid=  24
Episode: 0 Return: 0.0 Steps Taken: 54 Episode#  0 Ends
Episode: 20 Return: 0.0 Steps Taken: 54 Episode#  20 Ends
Episode: 40 Return: 0.0 Steps Taken: 58 Episode#  40 Ends
Episode: 60 Return: 0.0 Steps Taken: 55 Episode#  60 Ends
Episode: 80 Return: 0.0 Steps Taken: 58 Episode#  80 Ends
Percent of episodes finished successfully: 0.0
Percent of episodes finished successfully (last 100 episodes): 0.0
Average number of steps: 56.89
Average number of steps (last 100 episodes): 56.89
Learning policy and Time taken to learn policy =  6.97
StartState in Actual Grid=  24
state in GridPos =  10  Q =  [0. 0. 0. 0.]
states_visited =  [10, 20, 21, 29, 21, 20, 20, 10, 9, 10, 20, 10, 20, 10, 10]
unique states_visited =  {9, 10, 20, 21, 29}  and size  =  5
Applying Actions of Learned policy =  [np.int64(1), np.int64(3), np.int64(3), np.int64(2), np.int64(2), np.int64(1), np.int64(0), np.int64(0), np.int64(1), np.int64(1), np.int64(0), np.int64(1), np.int64(0), np.int64(2), np.int64(3)]  Time taken to extract policy =  1783563608.34
StartState in Actual Grid=  24
Apply policy states_visited =  [10, 20, 21, 29, 21, 20, 20, 10, 9, 10, 20, 10, 20, 10, 10, 19]
Apply policy unique states_visited =  {9, 10, 19, 20, 21, 29}  and size  =  6
Time taken to apply policy =  6.98
 intersectP =  {764, 807, 747, 812, 659, 725, 726, 2294, 2295, 828, 4253}
StartState in env.GridPos=  10
StartState in Actual Grid=  24
Reset applied Successfully 
Learnning policy 
StartState in Actual Grid=  24
Episode: 0 Return: 0.0 Steps Taken: 54 Episode#  0 Ends
Episode: 20 Return: 0.0 Steps Taken: 54 Episode#  20 Ends
Episode: 40 Return: 0.0 Steps Taken: 58 Episode#  40 Ends
Episode: 60 Return: 0.0 Steps Taken: 55 Episode#  60 Ends
Episode: 80 Return: 0.0 Steps Taken: 58 Episode#  80 Ends
Percent of episodes finished successfully: 0.0
Percent of episodes finished successfully (last 100 episodes): 0.0
Average number of steps: 56.89
Average number of steps (last 100 episodes): 56.89
Learning policy and Time taken to learn policy =  6.91
StartState in Actual Grid=  24
state in GridPos =  10  Q =  [0. 0. 0. 0.]
states_visited =  [10, 20, 21, 29, 21, 20, 20, 10, 9, 10, 20, 10, 20, 10, 10]
unique states_visited =  {9, 10, 20, 21, 29}  and size  =  5
Applying Actions of Learned policy =  [np.int64(1), np.int64(3), np.int64(3), np.int64(2), np.int64(2), np.int64(1), np.int64(0), np.int64(0), np.int64(1), np.int64(1), np.int64(0), np.int64(1), np.int64(0), np.int64(2), np.int64(3)]  Time taken to extract policy =  1783563615.33
StartState in Actual Grid=  24
Apply policy states_visited =  [10, 20, 21, 29, 21, 20, 20, 10, 9, 10, 20, 10, 20, 10, 10, 19]
Apply policy unique states_visited =  {9, 10, 19, 20, 21, 29}  and size  =  6
Time taken to apply policy =  6.93
 intersectP =  {4362, 7028, 7029, 629, 861}
StartState in env.GridPos=  16
StartState in Actual Grid=  10
Reset applied Successfully 
Learnning policy 
StartState in Actual Grid=  10
Episode: 0 Return: 0.0 Steps Taken: 56 Episode#  0 Ends
Episode: 20 Return: 0.0 Steps Taken: 54 Episode#  20 Ends
Episode: 40 Return: 0.0 Steps Taken: 56 Episode#  40 Ends
Episode: 60 Return: 0.0 Steps Taken: 43 Episode#  60 Ends
Episode: 80 Return: 0.0 Steps Taken: 51 Episode#  80 Ends
Percent of episodes finished successfully: 0.0
Percent of episodes finished successfully (last 100 episodes): 0.0
Average number of steps: 56.99
Average number of steps (last 100 episodes): 56.99
Learning policy and Time taken to learn policy =  6.53
StartState in Actual Grid=  10
state in GridPos =  16  Q =  [0. 0. 0. 0.]
states_visited =  [16, 25, 25, 16, 13, 17, 13, 6, 13, 17, 13, 17, 13, 7, 13]
unique states_visited =  {6, 7, 13, 16, 17, 25}  and size  =  6
Applying Actions of Learned policy =  [np.int64(3), np.int64(3), np.int64(2), np.int64(2), np.int64(1), np.int64(0), np.int64(0), np.int64(1), np.int64(1), np.int64(0), np.int64(1), np.int64(0), np.int64(2), np.int64(3), np.int64(2)]  Time taken to extract policy =  1783563622.31
StartState in Actual Grid=  10
Apply policy states_visited =  [16, 25, 25, 16, 13, 17, 13, 6, 13, 17, 13, 17, 13, 7, 13, 7]
Apply policy unique states_visited =  {6, 7, 13, 16, 17, 25}  and size  =  6
Time taken to apply policy =  6.55
 intersectP =  {481, 198, 1865, 106, 299, 1868, 1837, 1551, 1329, 1649, 497, 180, 123, 93, 127}
StartState in env.GridPos=  10
StartState in Actual Grid=  24
Reset applied Successfully 
Learnning policy 
StartState in Actual Grid=  24
Episode: 0 Return: 0.0 Steps Taken: 54 Episode#  0 Ends
Episode: 20 Return: 0.0 Steps Taken: 54 Episode#  20 Ends
Episode: 40 Return: 0.0 Steps Taken: 58 Episode#  40 Ends
Episode: 60 Return: 0.0 Steps Taken: 55 Episode#  60 Ends
Episode: 80 Return: 0.0 Steps Taken: 58 Episode#  80 Ends
Percent of episodes finished successfully: 0.0
Percent of episodes finished successfully (last 100 episodes): 0.0
Average number of steps: 56.89
Average number of steps (last 100 episodes): 56.89
Learning policy and Time taken to learn policy =  5.82
StartState in Actual Grid=  24
state in GridPos =  10  Q =  [0. 0. 0. 0.]
states_visited =  [10, 20, 21, 29, 21, 20, 20, 10, 9, 10, 20, 10, 20, 10, 10]
unique states_visited =  {9, 10, 20, 21, 29}  and size  =  5
Applying Actions of Learned policy =  [np.int64(1), np.int64(3), np.int64(3), np.int64(2), np.int64(2), np.int64(1), np.int64(0), np.int64(0), np.int64(1), np.int64(1), np.int64(0), np.int64(1), np.int64(0), np.int64(2), np.int64(3)]  Time taken to extract policy =  1783563628.86
StartState in Actual Grid=  24
Apply policy states_visited =  [10, 20, 21, 29, 21, 20, 20, 10, 9, 10, 20, 10, 20, 10, 10, 19]
Apply policy unique states_visited =  {9, 10, 19, 20, 21, 29}  and size  =  6
Time taken to apply policy =  5.83
 intersectP =  {464, 739, 1015}
StartState in env.GridPos=  10
StartState in Actual Grid=  24
Reset applied Successfully 
Learnning policy 
StartState in Actual Grid=  24
Episode: 0 Return: 0.0 Steps Taken: 54 Episode#  0 Ends
Episode: 20 Return: 0.0 Steps Taken: 54 Episode#  20 Ends
Episode: 40 Return: 0.0 Steps Taken: 58 Episode#  40 Ends
Episode: 60 Return: 0.0 Steps Taken: 55 Episode#  60 Ends
Episode: 80 Return: 0.0 Steps Taken: 58 Episode#  80 Ends
Percent of episodes finished successfully: 0.0
Percent of episodes finished successfully (last 100 episodes): 0.0
Average number of steps: 56.89
Average number of steps (last 100 episodes): 56.89
Learning policy and Time taken to learn policy =  5.05
StartState in Actual Grid=  24
state in GridPos =  10  Q =  [0. 0. 0. 0.]
states_visited =  [10, 20, 21, 29, 21, 20, 20, 10, 9, 10, 20, 10, 20, 10, 10]
unique states_visited =  {9, 10, 20, 21, 29}  and size  =  5
Applying Actions of Learned policy =  [np.int64(1), np.int64(3), np.int64(3), np.int64(2), np.int64(2), np.int64(1), np.int64(0), np.int64(0), np.int64(1), np.int64(1), np.int64(0), np.int64(1), np.int64(0), np.int64(2), np.int64(3)]  Time taken to extract policy =  1783563634.71
StartState in Actual Grid=  24
Apply policy states_visited =  [10, 20, 21, 29, 21, 20, 20, 10, 9, 10, 20, 10, 20, 10, 10, 19]
Apply policy unique states_visited =  {9, 10, 19, 20, 21, 29}  and size  =  6
Time taken to apply policy =  5.06
 intersectP =  {1593, 1851, 1758}
StartState in env.GridPos=  10
StartState in Actual Grid=  24
Reset applied Successfully 
Learnning policy 
StartState in Actual Grid=  24
Episode: 0 Return: 0.0 Steps Taken: 54 Episode#  0 Ends
Episode: 20 Return: 0.0 Steps Taken: 54 Episode#  20 Ends
Episode: 40 Return: 0.0 Steps Taken: 58 Episode#  40 Ends
Episode: 60 Return: 0.0 Steps Taken: 55 Episode#  60 Ends
Episode: 80 Return: 0.0 Steps Taken: 58 Episode#  80 Ends
Percent of episodes finished successfully: 0.0
Percent of episodes finished successfully (last 100 episodes): 0.0
Average number of steps: 56.89
Average number of steps (last 100 episodes): 56.89
Learning policy and Time taken to learn policy =  4.72
StartState in Actual Grid=  24
state in GridPos =  10  Q =  [0. 0. 0. 0.]
states_visited =  [10, 20, 21, 29, 21, 20, 20, 10, 9, 10, 20, 10, 20, 10, 10]
unique states_visited =  {9, 10, 20, 21, 29}  and size  =  5
Applying Actions of Learned policy =  [np.int64(1), np.int64(3), np.int64(3), np.int64(2), np.int64(2), np.int64(1), np.int64(0), np.int64(0), np.int64(1), np.int64(1), np.int64(0), np.int64(1), np.int64(0), np.int64(2), np.int64(3)]  Time taken to extract policy =  1783563639.78
StartState in Actual Grid=  24
Apply policy states_visited =  [10, 20, 21, 29, 21, 20, 20, 10, 9, 10, 20, 10, 20, 10, 10, 19]
Apply policy unique states_visited =  {9, 10, 19, 20, 21, 29}  and size  =  6
Time taken to apply policy =  4.73
 intersectP =  {32, 673, 34, 2530, 676, 421, 2951, 423, 46, 2065, 658}
StartState in env.GridPos=  10
StartState in Actual Grid=  24
Reset applied Successfully 
Learnning policy 
StartState in Actual Grid=  24
Episode: 0 Return: 0.0 Steps Taken: 54 Episode#  0 Ends
Episode: 20 Return: 0.0 Steps Taken: 54 Episode#  20 Ends
Episode: 40 Return: 0.0 Steps Taken: 58 Episode#  40 Ends
Episode: 60 Return: 0.0 Steps Taken: 55 Episode#  60 Ends
Episode: 80 Return: 0.0 Steps Taken: 58 Episode#  80 Ends
Percent of episodes finished successfully: 0.0
Percent of episodes finished successfully (last 100 episodes): 0.0
Average number of steps: 56.89
Average number of steps (last 100 episodes): 56.89
Learning policy and Time taken to learn policy =  4.69
StartState in Actual Grid=  24
state in GridPos =  10  Q =  [0. 0. 0. 0.]
states_visited =  [10, 20, 21, 29, 21, 20, 20, 10, 9, 10, 20, 10, 20, 10, 10]
unique states_visited =  {9, 10, 20, 21, 29}  and size  =  5
Applying Actions of Learned policy =  [np.int64(1), np.int64(3), np.int64(3), np.int64(2), np.int64(2), np.int64(1), np.int64(0), np.int64(0), np.int64(1), np.int64(1), np.int64(0), np.int64(1), np.int64(0), np.int64(2), np.int64(3)]  Time taken to extract policy =  1783563644.52
StartState in Actual Grid=  24
Apply policy states_visited =  [10, 20, 21, 29, 21, 20, 20, 10, 9, 10, 20, 10, 20, 10, 10, 19]
Apply policy unique states_visited =  {9, 10, 19, 20, 21, 29}  and size  =  6
Time taken to apply policy =  4.69
 intersectP =  {676, 904, 72, 714, 717, 720, 828, 3005}
StartState in env.GridPos=  10
StartState in Actual Grid=  24
Reset applied Successfully 
Learnning policy 
StartState in Actual Grid=  24
Episode: 0 Return: 0.0 Steps Taken: 54 Episode#  0 Ends
Episode: 20 Return: 0.0 Steps Taken: 54 Episode#  20 Ends
Episode: 40 Return: 0.0 Steps Taken: 58 Episode#  40 Ends
Episode: 60 Return: 0.0 Steps Taken: 55 Episode#  60 Ends
Episode: 80 Return: 0.0 Steps Taken: 58 Episode#  80 Ends
Percent of episodes finished successfully: 0.0
Percent of episodes finished successfully (last 100 episodes): 0.0
Average number of steps: 56.89
Average number of steps (last 100 episodes): 56.89
Learning policy and Time taken to learn policy =  5.02
StartState in Actual Grid=  24
state in GridPos =  10  Q =  [0. 0. 0. 0.]
states_visited =  [10, 20, 21, 29, 21, 20, 20, 10, 9, 10, 20, 10, 20, 10, 10]
unique states_visited =  {9, 10, 20, 21, 29}  and size  =  5
Applying Actions of Learned policy =  [np.int64(1), np.int64(3), np.int64(3), np.int64(2), np.int64(2), np.int64(1), np.int64(0), np.int64(0), np.int64(1), np.int64(1), np.int64(0), np.int64(1), np.int64(0), np.int64(2), np.int64(3)]  Time taken to extract policy =  1783563649.23
StartState in Actual Grid=  24
Apply policy states_visited =  [10, 20, 21, 29, 21, 20, 20, 10, 9, 10, 20, 10, 20, 10, 10, 19]
Apply policy unique states_visited =  {9, 10, 19, 20, 21, 29}  and size  =  6
Time taken to apply policy =  5.02
StartState in env.GridPos=  21
StartState in Actual Grid=  31
Reset applied Successfully 
Learnning policy 
StartState in Actual Grid=  31
Episode: 0 Return: 0.0 Steps Taken: 56 Episode#  0 Ends
Episode: 20 Return: 0.0 Steps Taken: 54 Episode#  20 Ends
Episode: 40 Return: 0.0 Steps Taken: 58 Episode#  40 Ends
Episode: 60 Return: 0.0 Steps Taken: 55 Episode#  60 Ends
Episode: 80 Return: 0.0 Steps Taken: 58 Episode#  80 Ends
Percent of episodes finished successfully: 0.0
Percent of episodes finished successfully (last 100 episodes): 0.0
Average number of steps: 56.89
Average number of steps (last 100 episodes): 56.89
Learning policy and Time taken to learn policy =  4.13
StartState in Actual Grid=  31
state in GridPos =  21  Q =  [0. 0. 0. 0.]
states_visited =  [21, 21, 29, 30, 29, 21, 21, 19, 11, 19, 21, 19, 21, 19, 10]
unique states_visited =  {10, 11, 19, 21, 29, 30}  and size  =  6
Applying Actions of Learned policy =  [np.int64(1), np.int64(3), np.int64(3), np.int64(2), np.int64(2), np.int64(1), np.int64(0), np.int64(0), np.int64(1), np.int64(1), np.int64(0), np.int64(1), np.int64(0), np.int64(2), np.int64(3)]  Time taken to extract policy =  1783563654.27
StartState in Actual Grid=  31
Apply policy states_visited =  [21, 21, 29, 30, 29, 21, 21, 19, 11, 19, 21, 19, 21, 19, 10, 19]
Apply policy unique states_visited =  {10, 11, 19, 21, 29, 30}  and size  =  6
Time taken to apply policy =  4.13
 intersectP =  {2312, 6504, 6505, 789, 790, 407}
StartState in env.GridPos=  10
StartState in Actual Grid=  24
Reset applied Successfully 
Learnning policy 
StartState in Actual Grid=  24
Episode: 0 Return: 0.0 Steps Taken: 54 Episode#  0 Ends
Episode: 20 Return: 0.0 Steps Taken: 54 Episode#  20 Ends
Episode: 40 Return: 0.0 Steps Taken: 58 Episode#  40 Ends
Episode: 60 Return: 0.0 Steps Taken: 55 Episode#  60 Ends
Episode: 80 Return: 0.0 Steps Taken: 58 Episode#  80 Ends
Percent of episodes finished successfully: 0.0
Percent of episodes finished successfully (last 100 episodes): 0.0
Average number of steps: 56.89
Average number of steps (last 100 episodes): 56.89
Learning policy and Time taken to learn policy =  4.2
StartState in Actual Grid=  24
state in GridPos =  10  Q =  [0. 0. 0. 0.]
states_visited =  [10, 20, 21, 29, 21, 20, 20, 10, 9, 10, 20, 10, 20, 10, 10]
unique states_visited =  {9, 10, 20, 21, 29}  and size  =  5
Applying Actions of Learned policy =  [np.int64(1), np.int64(3), np.int64(3), np.int64(2), np.int64(2), np.int64(1), np.int64(0), np.int64(0), np.int64(1), np.int64(1), np.int64(0), np.int64(1), np.int64(0), np.int64(2), np.int64(3)]  Time taken to extract policy =  1783563658.42
StartState in Actual Grid=  24
Apply policy states_visited =  [10, 20, 21, 29, 21, 20, 20, 10, 9, 10, 20, 10, 20, 10, 10, 19]
Apply policy unique states_visited =  {9, 10, 19, 20, 21, 29}  and size  =  6
Time taken to apply policy =  4.21
 intersectP =  {1021, 4082, 1107, 1145, 189}
StartState in env.GridPos=  10
StartState in Actual Grid=  24
Reset applied Successfully 
Learnning policy 
StartState in Actual Grid=  24
Episode: 0 Return: 0.0 Steps Taken: 54 Episode#  0 Ends
Episode: 20 Return: 0.0 Steps Taken: 54 Episode#  20 Ends
Episode: 40 Return: 0.0 Steps Taken: 58 Episode#  40 Ends
Episode: 60 Return: 0.0 Steps Taken: 55 Episode#  60 Ends
Episode: 80 Return: 0.0 Steps Taken: 58 Episode#  80 Ends
Percent of episodes finished successfully: 0.0
Percent of episodes finished successfully (last 100 episodes): 0.0
Average number of steps: 56.89
Average number of steps (last 100 episodes): 56.89
Learning policy and Time taken to learn policy =  4.98
StartState in Actual Grid=  24
state in GridPos =  10  Q =  [0. 0. 0. 0.]
states_visited =  [10, 20, 21, 29, 21, 20, 20, 10, 9, 10, 20, 10, 20, 10, 10]
unique states_visited =  {9, 10, 20, 21, 29}  and size  =  5
Applying Actions of Learned policy =  [np.int64(1), np.int64(3), np.int64(3), np.int64(2), np.int64(2), np.int64(1), np.int64(0), np.int64(0), np.int64(1), np.int64(1), np.int64(0), np.int64(1), np.int64(0), np.int64(2), np.int64(3)]  Time taken to extract policy =  1783563662.64
StartState in Actual Grid=  24
Apply policy states_visited =  [10, 20, 21, 29, 21, 20, 20, 10, 9, 10, 20, 10, 20, 10, 10, 19]
Apply policy unique states_visited =  {9, 10, 19, 20, 21, 29}  and size  =  6
Time taken to apply policy =  4.98
 intersectP =  {184}
StartState in env.GridPos=  10
StartState in Actual Grid=  24
Reset applied Successfully 
Learnning policy 
StartState in Actual Grid=  24
Episode: 0 Return: 0.0 Steps Taken: 54 Episode#  0 Ends
Episode: 20 Return: 0.0 Steps Taken: 54 Episode#  20 Ends
Episode: 40 Return: 0.0 Steps Taken: 58 Episode#  40 Ends
Episode: 60 Return: 0.0 Steps Taken: 55 Episode#  60 Ends
Episode: 80 Return: 0.0 Steps Taken: 58 Episode#  80 Ends
Percent of episodes finished successfully: 0.0
Percent of episodes finished successfully (last 100 episodes): 0.0
Average number of steps: 56.89
Average number of steps (last 100 episodes): 56.89
Learning policy and Time taken to learn policy =  4.57
StartState in Actual Grid=  24
state in GridPos =  10  Q =  [0. 0. 0. 0.]
states_visited =  [10, 20, 21, 29, 21, 20, 20, 10, 9, 10, 20, 10, 20, 10, 10]
unique states_visited =  {9, 10, 20, 21, 29}  and size  =  5
Applying Actions of Learned policy =  [np.int64(1), np.int64(3), np.int64(3), np.int64(2), np.int64(2), np.int64(1), np.int64(0), np.int64(0), np.int64(1), np.int64(1), np.int64(0), np.int64(1), np.int64(0), np.int64(2), np.int64(3)]  Time taken to extract policy =  1783563667.64
StartState in Actual Grid=  24
Apply policy states_visited =  [10, 20, 21, 29, 21, 20, 20, 10, 9, 10, 20, 10, 20, 10, 10, 19]
Apply policy unique states_visited =  {9, 10, 19, 20, 21, 29}  and size  =  6
Time taken to apply policy =  4.58
 intersectP =  {440, 464}
StartState in env.GridPos=  10
StartState in Actual Grid=  24
Reset applied Successfully 
Learnning policy 
StartState in Actual Grid=  24
Episode: 0 Return: 0.0 Steps Taken: 54 Episode#  0 Ends
Episode: 20 Return: 0.0 Steps Taken: 54 Episode#  20 Ends
Episode: 40 Return: 0.0 Steps Taken: 58 Episode#  40 Ends
Episode: 60 Return: 0.0 Steps Taken: 55 Episode#  60 Ends
Episode: 80 Return: 0.0 Steps Taken: 58 Episode#  80 Ends
Percent of episodes finished successfully: 0.0
Percent of episodes finished successfully (last 100 episodes): 0.0
Average number of steps: 56.89
Average number of steps (last 100 episodes): 56.89
Learning policy and Time taken to learn policy =  5.41
StartState in Actual Grid=  24
state in GridPos =  10  Q =  [0. 0. 0. 0.]
states_visited =  [10, 20, 21, 29, 21, 20, 20, 10, 9, 10, 20, 10, 20, 10, 10]
unique states_visited =  {9, 10, 20, 21, 29}  and size  =  5
Applying Actions of Learned policy =  [np.int64(1), np.int64(3), np.int64(3), np.int64(2), np.int64(2), np.int64(1), np.int64(0), np.int64(0), np.int64(1), np.int64(1), np.int64(0), np.int64(1), np.int64(0), np.int64(2), np.int64(3)]  Time taken to extract policy =  1783563672.23
StartState in Actual Grid=  24
Apply policy states_visited =  [10, 20, 21, 29, 21, 20, 20, 10, 9, 10, 20, 10, 20, 10, 10, 19]
Apply policy unique states_visited =  {9, 10, 19, 20, 21, 29}  and size  =  6
Time taken to apply policy =  5.42
 intersectP =  {1049, 3587, 219}
stopcount=30: Amazon P=0.258 R=46.67 F=0.511 Hit=0.467  |  MovieLens P=0.383 R=13.19 F=0.742 Hit=0.933  (131s)

Saved to stopcount_sweep_results.csv
